# title,"Budgeting Summary (lut=0.350ns/net=0.239ns)"
"Group","Slack","Requirement","Skew","Uncertainty","Datapath Delay","Datapath Logic Delay","Datapath Net Delay","Logic Levels","Adj Levels","Net Budget","Lut Budget","Net Adj Slack","Lut Adj Slack","Path","Info"
"ap_clk","-3.929","10.000","-0.011","0.035","13.811","6.478","7.333","59","20","14 (*)","28","-1.376","2.882","FDRE(71) LUT6(1) CARRY8(1) CARRY8(1) CARRY8(1) CARRY8(65) LUT3(1) CARRY8(65) LUT4(1) CARRY8(1) CARRY8(1) CARRY8(1) CARRY8(65) LUT3(1) CARRY8(65) LUT4(1) CARRY8(1) CARRY8(1) CARRY8(1) CARRY8(66) LUT3(1) CARRY8(66) LUT4(1) CARRY8(1) CARRY8(1) CARRY8(1) CARRY8(67) LUT3(1) CARRY8(67) LUT4(1) CARRY8(1) CARRY8(1) CARRY8(1) CARRY8(65) LUT3(1) CARRY8(65) LUT4(1) CARRY8(1) CARRY8(1) CARRY8(1) CARRY8(65) LUT3(1) CARRY8(65) LUT4(1) CARRY8(1) CARRY8(1) CARRY8(1) CARRY8(66) LUT3(1) CARRY8(67) LUT4(1) CARRY8(1) CARRY8(1) CARRY8(1) CARRY8(67) LUT3(1) CARRY8(58) LUT4(2) LUT6(10) LUT6(9) FDSE","{bd_0_i/hls_inst/inst/k2_stats_U0/ap_enable_reg_pp0_iter2_reg/C --> bd_0_i/hls_inst/inst/k2_stats_U0/sum_abs_reg_3238_reg[0]/S}"
"ap_clk","-3.929","10.000","-0.011","0.035","13.811","6.478","7.333","59","20","14 (*)","28","-1.376","2.882","FDRE(71) LUT6(1) CARRY8(1) CARRY8(1) CARRY8(1) CARRY8(65) LUT3(1) CARRY8(65) LUT4(1) CARRY8(1) CARRY8(1) CARRY8(1) CARRY8(65) LUT3(1) CARRY8(65) LUT4(1) CARRY8(1) CARRY8(1) CARRY8(1) CARRY8(66) LUT3(1) CARRY8(66) LUT4(1) CARRY8(1) CARRY8(1) CARRY8(1) CARRY8(67) LUT3(1) CARRY8(67) LUT4(1) CARRY8(1) CARRY8(1) CARRY8(1) CARRY8(65) LUT3(1) CARRY8(65) LUT4(1) CARRY8(1) CARRY8(1) CARRY8(1) CARRY8(65) LUT3(1) CARRY8(65) LUT4(1) CARRY8(1) CARRY8(1) CARRY8(1) CARRY8(66) LUT3(1) CARRY8(67) LUT4(1) CARRY8(1) CARRY8(1) CARRY8(1) CARRY8(67) LUT3(1) CARRY8(58) LUT4(2) LUT6(10) LUT6(9) FDRE","{bd_0_i/hls_inst/inst/k2_stats_U0/ap_enable_reg_pp0_iter2_reg/C --> bd_0_i/hls_inst/inst/k2_stats_U0/sum_abs_reg_3238_reg[1]_inv/R}"
"ap_clk","-3.929","10.000","-0.011","0.035","13.811","6.478","7.333","59","20","14 (*)","28","-1.376","2.882","FDRE(71) LUT6(1) CARRY8(1) CARRY8(1) CARRY8(1) CARRY8(65) LUT3(1) CARRY8(65) LUT4(1) CARRY8(1) CARRY8(1) CARRY8(1) CARRY8(65) LUT3(1) CARRY8(65) LUT4(1) CARRY8(1) CARRY8(1) CARRY8(1) CARRY8(66) LUT3(1) CARRY8(66) LUT4(1) CARRY8(1) CARRY8(1) CARRY8(1) CARRY8(67) LUT3(1) CARRY8(67) LUT4(1) CARRY8(1) CARRY8(1) CARRY8(1) CARRY8(65) LUT3(1) CARRY8(65) LUT4(1) CARRY8(1) CARRY8(1) CARRY8(1) CARRY8(65) LUT3(1) CARRY8(65) LUT4(1) CARRY8(1) CARRY8(1) CARRY8(1) CARRY8(66) LUT3(1) CARRY8(67) LUT4(1) CARRY8(1) CARRY8(1) CARRY8(1) CARRY8(67) LUT3(1) CARRY8(58) LUT4(2) LUT6(10) LUT6(9) FDRE","{bd_0_i/hls_inst/inst/k2_stats_U0/ap_enable_reg_pp0_iter2_reg/C --> bd_0_i/hls_inst/inst/k2_stats_U0/sum_abs_reg_3238_reg[2]_inv/R}"
"ap_clk","-3.929","10.000","-0.011","0.035","13.811","6.478","7.333","59","20","14 (*)","28","-1.376","2.882","FDRE(71) LUT6(1) CARRY8(1) CARRY8(1) CARRY8(1) CARRY8(65) LUT3(1) CARRY8(65) LUT4(1) CARRY8(1) CARRY8(1) CARRY8(1) CARRY8(65) LUT3(1) CARRY8(65) LUT4(1) CARRY8(1) CARRY8(1) CARRY8(1) CARRY8(66) LUT3(1) CARRY8(66) LUT4(1) CARRY8(1) CARRY8(1) CARRY8(1) CARRY8(67) LUT3(1) CARRY8(67) LUT4(1) CARRY8(1) CARRY8(1) CARRY8(1) CARRY8(65) LUT3(1) CARRY8(65) LUT4(1) CARRY8(1) CARRY8(1) CARRY8(1) CARRY8(65) LUT3(1) CARRY8(65) LUT4(1) CARRY8(1) CARRY8(1) CARRY8(1) CARRY8(66) LUT3(1) CARRY8(67) LUT4(1) CARRY8(1) CARRY8(1) CARRY8(1) CARRY8(67) LUT3(1) CARRY8(58) LUT4(2) LUT6(10) LUT6(9) FDRE","{bd_0_i/hls_inst/inst/k2_stats_U0/ap_enable_reg_pp0_iter2_reg/C --> bd_0_i/hls_inst/inst/k2_stats_U0/sum_abs_reg_3238_reg[3]_inv/R}"
"ap_clk","-3.929","10.000","-0.011","0.035","13.811","6.478","7.333","59","20","14 (*)","28","-1.376","2.882","FDRE(71) LUT6(1) CARRY8(1) CARRY8(1) CARRY8(1) CARRY8(65) LUT3(1) CARRY8(65) LUT4(1) CARRY8(1) CARRY8(1) CARRY8(1) CARRY8(65) LUT3(1) CARRY8(65) LUT4(1) CARRY8(1) CARRY8(1) CARRY8(1) CARRY8(66) LUT3(1) CARRY8(66) LUT4(1) CARRY8(1) CARRY8(1) CARRY8(1) CARRY8(67) LUT3(1) CARRY8(67) LUT4(1) CARRY8(1) CARRY8(1) CARRY8(1) CARRY8(65) LUT3(1) CARRY8(65) LUT4(1) CARRY8(1) CARRY8(1) CARRY8(1) CARRY8(65) LUT3(1) CARRY8(65) LUT4(1) CARRY8(1) CARRY8(1) CARRY8(1) CARRY8(66) LUT3(1) CARRY8(67) LUT4(1) CARRY8(1) CARRY8(1) CARRY8(1) CARRY8(67) LUT3(1) CARRY8(58) LUT4(2) LUT6(10) LUT6(9) FDRE","{bd_0_i/hls_inst/inst/k2_stats_U0/ap_enable_reg_pp0_iter2_reg/C --> bd_0_i/hls_inst/inst/k2_stats_U0/sum_abs_reg_3238_reg[4]_inv/R}"
"ap_clk","-3.929","10.000","-0.011","0.035","13.811","6.478","7.333","59","20","14 (*)","28","-1.376","2.882","FDRE(71) LUT6(1) CARRY8(1) CARRY8(1) CARRY8(1) CARRY8(65) LUT3(1) CARRY8(65) LUT4(1) CARRY8(1) CARRY8(1) CARRY8(1) CARRY8(65) LUT3(1) CARRY8(65) LUT4(1) CARRY8(1) CARRY8(1) CARRY8(1) CARRY8(66) LUT3(1) CARRY8(66) LUT4(1) CARRY8(1) CARRY8(1) CARRY8(1) CARRY8(67) LUT3(1) CARRY8(67) LUT4(1) CARRY8(1) CARRY8(1) CARRY8(1) CARRY8(65) LUT3(1) CARRY8(65) LUT4(1) CARRY8(1) CARRY8(1) CARRY8(1) CARRY8(65) LUT3(1) CARRY8(65) LUT4(1) CARRY8(1) CARRY8(1) CARRY8(1) CARRY8(66) LUT3(1) CARRY8(67) LUT4(1) CARRY8(1) CARRY8(1) CARRY8(1) CARRY8(67) LUT3(1) CARRY8(58) LUT4(2) LUT6(10) LUT6(9) FDRE","{bd_0_i/hls_inst/inst/k2_stats_U0/ap_enable_reg_pp0_iter2_reg/C --> bd_0_i/hls_inst/inst/k2_stats_U0/sum_abs_reg_3238_reg[5]_inv/R}"
"ap_clk","-3.929","10.000","-0.011","0.035","13.811","6.478","7.333","59","20","14 (*)","28","-1.376","2.882","FDRE(71) LUT6(1) CARRY8(1) CARRY8(1) CARRY8(1) CARRY8(65) LUT3(1) CARRY8(65) LUT4(1) CARRY8(1) CARRY8(1) CARRY8(1) CARRY8(65) LUT3(1) CARRY8(65) LUT4(1) CARRY8(1) CARRY8(1) CARRY8(1) CARRY8(66) LUT3(1) CARRY8(66) LUT4(1) CARRY8(1) CARRY8(1) CARRY8(1) CARRY8(67) LUT3(1) CARRY8(67) LUT4(1) CARRY8(1) CARRY8(1) CARRY8(1) CARRY8(65) LUT3(1) CARRY8(65) LUT4(1) CARRY8(1) CARRY8(1) CARRY8(1) CARRY8(65) LUT3(1) CARRY8(65) LUT4(1) CARRY8(1) CARRY8(1) CARRY8(1) CARRY8(66) LUT3(1) CARRY8(67) LUT4(1) CARRY8(1) CARRY8(1) CARRY8(1) CARRY8(67) LUT3(1) CARRY8(58) LUT4(2) LUT6(10) LUT6(9) FDRE","{bd_0_i/hls_inst/inst/k2_stats_U0/ap_enable_reg_pp0_iter2_reg/C --> bd_0_i/hls_inst/inst/k2_stats_U0/sum_abs_reg_3238_reg[6]_inv/R}"
"ap_clk","-3.929","10.000","-0.011","0.035","13.811","6.478","7.333","59","20","14 (*)","28","-1.376","2.882","FDRE(71) LUT6(1) CARRY8(1) CARRY8(1) CARRY8(1) CARRY8(65) LUT3(1) CARRY8(65) LUT4(1) CARRY8(1) CARRY8(1) CARRY8(1) CARRY8(65) LUT3(1) CARRY8(65) LUT4(1) CARRY8(1) CARRY8(1) CARRY8(1) CARRY8(66) LUT3(1) CARRY8(66) LUT4(1) CARRY8(1) CARRY8(1) CARRY8(1) CARRY8(67) LUT3(1) CARRY8(67) LUT4(1) CARRY8(1) CARRY8(1) CARRY8(1) CARRY8(65) LUT3(1) CARRY8(65) LUT4(1) CARRY8(1) CARRY8(1) CARRY8(1) CARRY8(65) LUT3(1) CARRY8(65) LUT4(1) CARRY8(1) CARRY8(1) CARRY8(1) CARRY8(66) LUT3(1) CARRY8(67) LUT4(1) CARRY8(1) CARRY8(1) CARRY8(1) CARRY8(67) LUT3(1) CARRY8(58) LUT4(2) LUT6(10) LUT6(9) FDRE","{bd_0_i/hls_inst/inst/k2_stats_U0/ap_enable_reg_pp0_iter2_reg/C --> bd_0_i/hls_inst/inst/k2_stats_U0/sum_abs_reg_3238_reg[7]_inv/R}"
"ap_clk","-3.929","10.000","-0.011","0.035","13.811","6.478","7.333","59","20","14 (*)","28","-1.376","2.882","FDRE(71) LUT6(1) CARRY8(1) CARRY8(1) CARRY8(1) CARRY8(65) LUT3(1) CARRY8(65) LUT4(1) CARRY8(1) CARRY8(1) CARRY8(1) CARRY8(65) LUT3(1) CARRY8(65) LUT4(1) CARRY8(1) CARRY8(1) CARRY8(1) CARRY8(66) LUT3(1) CARRY8(66) LUT4(1) CARRY8(1) CARRY8(1) CARRY8(1) CARRY8(67) LUT3(1) CARRY8(67) LUT4(1) CARRY8(1) CARRY8(1) CARRY8(1) CARRY8(65) LUT3(1) CARRY8(65) LUT4(1) CARRY8(1) CARRY8(1) CARRY8(1) CARRY8(65) LUT3(1) CARRY8(65) LUT4(1) CARRY8(1) CARRY8(1) CARRY8(1) CARRY8(66) LUT3(1) CARRY8(67) LUT4(1) CARRY8(1) CARRY8(1) CARRY8(1) CARRY8(67) LUT3(1) CARRY8(58) LUT4(2) LUT6(10) LUT6(9) FDRE","{bd_0_i/hls_inst/inst/k2_stats_U0/ap_enable_reg_pp0_iter2_reg/C --> bd_0_i/hls_inst/inst/k2_stats_U0/sum_abs_reg_3238_reg[8]_inv/R}"
"ap_clk","-3.666","10.000","-0.011","0.035","13.548","6.438","7.110","58","19","14 (*)","28","-1.097","3.232","FDRE(71) LUT6(1) CARRY8(1) CARRY8(1) CARRY8(1) CARRY8(65) LUT3(1) CARRY8(65) LUT4(1) CARRY8(1) CARRY8(1) CARRY8(1) CARRY8(65) LUT3(1) CARRY8(65) LUT4(1) CARRY8(1) CARRY8(1) CARRY8(1) CARRY8(66) LUT3(1) CARRY8(66) LUT4(1) CARRY8(1) CARRY8(1) CARRY8(1) CARRY8(67) LUT3(1) CARRY8(67) LUT4(1) CARRY8(1) CARRY8(1) CARRY8(1) CARRY8(65) LUT3(1) CARRY8(65) LUT4(1) CARRY8(1) CARRY8(1) CARRY8(1) CARRY8(65) LUT3(1) CARRY8(65) LUT4(1) CARRY8(1) CARRY8(1) CARRY8(1) CARRY8(66) LUT3(1) CARRY8(67) LUT4(1) CARRY8(1) CARRY8(1) CARRY8(1) CARRY8(67) LUT3(1) CARRY8(58) LUT2(1) LUT6(26) FDRE","{bd_0_i/hls_inst/inst/k2_stats_U0/ap_enable_reg_pp0_iter2_reg/C --> bd_0_i/hls_inst/inst/k2_stats_U0/sum_abs_reg_3238_reg[10]_inv/R}"
"ap_clk","-3.666","10.000","-0.011","0.035","13.548","6.438","7.110","58","19","14 (*)","28","-1.097","3.232","FDRE(71) LUT6(1) CARRY8(1) CARRY8(1) CARRY8(1) CARRY8(65) LUT3(1) CARRY8(65) LUT4(1) CARRY8(1) CARRY8(1) CARRY8(1) CARRY8(65) LUT3(1) CARRY8(65) LUT4(1) CARRY8(1) CARRY8(1) CARRY8(1) CARRY8(66) LUT3(1) CARRY8(66) LUT4(1) CARRY8(1) CARRY8(1) CARRY8(1) CARRY8(67) LUT3(1) CARRY8(67) LUT4(1) CARRY8(1) CARRY8(1) CARRY8(1) CARRY8(65) LUT3(1) CARRY8(65) LUT4(1) CARRY8(1) CARRY8(1) CARRY8(1) CARRY8(65) LUT3(1) CARRY8(65) LUT4(1) CARRY8(1) CARRY8(1) CARRY8(1) CARRY8(66) LUT3(1) CARRY8(67) LUT4(1) CARRY8(1) CARRY8(1) CARRY8(1) CARRY8(67) LUT3(1) CARRY8(58) LUT2(1) LUT6(26) FDRE","{bd_0_i/hls_inst/inst/k2_stats_U0/ap_enable_reg_pp0_iter2_reg/C --> bd_0_i/hls_inst/inst/k2_stats_U0/sum_abs_reg_3238_reg[11]_inv/R}"
"ap_clk","-3.666","10.000","-0.011","0.035","13.548","6.438","7.110","58","19","14 (*)","28","-1.097","3.232","FDRE(71) LUT6(1) CARRY8(1) CARRY8(1) CARRY8(1) CARRY8(65) LUT3(1) CARRY8(65) LUT4(1) CARRY8(1) CARRY8(1) CARRY8(1) CARRY8(65) LUT3(1) CARRY8(65) LUT4(1) CARRY8(1) CARRY8(1) CARRY8(1) CARRY8(66) LUT3(1) CARRY8(66) LUT4(1) CARRY8(1) CARRY8(1) CARRY8(1) CARRY8(67) LUT3(1) CARRY8(67) LUT4(1) CARRY8(1) CARRY8(1) CARRY8(1) CARRY8(65) LUT3(1) CARRY8(65) LUT4(1) CARRY8(1) CARRY8(1) CARRY8(1) CARRY8(65) LUT3(1) CARRY8(65) LUT4(1) CARRY8(1) CARRY8(1) CARRY8(1) CARRY8(66) LUT3(1) CARRY8(67) LUT4(1) CARRY8(1) CARRY8(1) CARRY8(1) CARRY8(67) LUT3(1) CARRY8(58) LUT2(1) LUT6(26) FDRE","{bd_0_i/hls_inst/inst/k2_stats_U0/ap_enable_reg_pp0_iter2_reg/C --> bd_0_i/hls_inst/inst/k2_stats_U0/sum_abs_reg_3238_reg[12]_inv/R}"
"ap_clk","-3.666","10.000","-0.011","0.035","13.548","6.438","7.110","58","19","14 (*)","28","-1.097","3.232","FDRE(71) LUT6(1) CARRY8(1) CARRY8(1) CARRY8(1) CARRY8(65) LUT3(1) CARRY8(65) LUT4(1) CARRY8(1) CARRY8(1) CARRY8(1) CARRY8(65) LUT3(1) CARRY8(65) LUT4(1) CARRY8(1) CARRY8(1) CARRY8(1) CARRY8(66) LUT3(1) CARRY8(66) LUT4(1) CARRY8(1) CARRY8(1) CARRY8(1) CARRY8(67) LUT3(1) CARRY8(67) LUT4(1) CARRY8(1) CARRY8(1) CARRY8(1) CARRY8(65) LUT3(1) CARRY8(65) LUT4(1) CARRY8(1) CARRY8(1) CARRY8(1) CARRY8(65) LUT3(1) CARRY8(65) LUT4(1) CARRY8(1) CARRY8(1) CARRY8(1) CARRY8(66) LUT3(1) CARRY8(67) LUT4(1) CARRY8(1) CARRY8(1) CARRY8(1) CARRY8(67) LUT3(1) CARRY8(58) LUT2(1) LUT6(26) FDSE","{bd_0_i/hls_inst/inst/k2_stats_U0/ap_enable_reg_pp0_iter2_reg/C --> bd_0_i/hls_inst/inst/k2_stats_U0/sum_abs_reg_3238_reg[32]/S}"
"ap_clk","-3.666","10.000","-0.011","0.035","13.548","6.438","7.110","58","19","14 (*)","28","-1.097","3.232","FDRE(71) LUT6(1) CARRY8(1) CARRY8(1) CARRY8(1) CARRY8(65) LUT3(1) CARRY8(65) LUT4(1) CARRY8(1) CARRY8(1) CARRY8(1) CARRY8(65) LUT3(1) CARRY8(65) LUT4(1) CARRY8(1) CARRY8(1) CARRY8(1) CARRY8(66) LUT3(1) CARRY8(66) LUT4(1) CARRY8(1) CARRY8(1) CARRY8(1) CARRY8(67) LUT3(1) CARRY8(67) LUT4(1) CARRY8(1) CARRY8(1) CARRY8(1) CARRY8(65) LUT3(1) CARRY8(65) LUT4(1) CARRY8(1) CARRY8(1) CARRY8(1) CARRY8(65) LUT3(1) CARRY8(65) LUT4(1) CARRY8(1) CARRY8(1) CARRY8(1) CARRY8(66) LUT3(1) CARRY8(67) LUT4(1) CARRY8(1) CARRY8(1) CARRY8(1) CARRY8(67) LUT3(1) CARRY8(58) LUT2(1) LUT6(26) FDSE","{bd_0_i/hls_inst/inst/k2_stats_U0/ap_enable_reg_pp0_iter2_reg/C --> bd_0_i/hls_inst/inst/k2_stats_U0/sum_abs_reg_3238_reg[33]/S}"
"ap_clk","-3.666","10.000","-0.011","0.035","13.548","6.438","7.110","58","19","14 (*)","28","-1.097","3.232","FDRE(71) LUT6(1) CARRY8(1) CARRY8(1) CARRY8(1) CARRY8(65) LUT3(1) CARRY8(65) LUT4(1) CARRY8(1) CARRY8(1) CARRY8(1) CARRY8(65) LUT3(1) CARRY8(65) LUT4(1) CARRY8(1) CARRY8(1) CARRY8(1) CARRY8(66) LUT3(1) CARRY8(66) LUT4(1) CARRY8(1) CARRY8(1) CARRY8(1) CARRY8(67) LUT3(1) CARRY8(67) LUT4(1) CARRY8(1) CARRY8(1) CARRY8(1) CARRY8(65) LUT3(1) CARRY8(65) LUT4(1) CARRY8(1) CARRY8(1) CARRY8(1) CARRY8(65) LUT3(1) CARRY8(65) LUT4(1) CARRY8(1) CARRY8(1) CARRY8(1) CARRY8(66) LUT3(1) CARRY8(67) LUT4(1) CARRY8(1) CARRY8(1) CARRY8(1) CARRY8(67) LUT3(1) CARRY8(58) LUT2(1) LUT6(26) FDSE","{bd_0_i/hls_inst/inst/k2_stats_U0/ap_enable_reg_pp0_iter2_reg/C --> bd_0_i/hls_inst/inst/k2_stats_U0/sum_abs_reg_3238_reg[34]/S}"
"ap_clk","-3.666","10.000","-0.011","0.035","13.548","6.438","7.110","58","19","14 (*)","28","-1.097","3.232","FDRE(71) LUT6(1) CARRY8(1) CARRY8(1) CARRY8(1) CARRY8(65) LUT3(1) CARRY8(65) LUT4(1) CARRY8(1) CARRY8(1) CARRY8(1) CARRY8(65) LUT3(1) CARRY8(65) LUT4(1) CARRY8(1) CARRY8(1) CARRY8(1) CARRY8(66) LUT3(1) CARRY8(66) LUT4(1) CARRY8(1) CARRY8(1) CARRY8(1) CARRY8(67) LUT3(1) CARRY8(67) LUT4(1) CARRY8(1) CARRY8(1) CARRY8(1) CARRY8(65) LUT3(1) CARRY8(65) LUT4(1) CARRY8(1) CARRY8(1) CARRY8(1) CARRY8(65) LUT3(1) CARRY8(65) LUT4(1) CARRY8(1) CARRY8(1) CARRY8(1) CARRY8(66) LUT3(1) CARRY8(67) LUT4(1) CARRY8(1) CARRY8(1) CARRY8(1) CARRY8(67) LUT3(1) CARRY8(58) LUT2(1) LUT6(26) FDRE","{bd_0_i/hls_inst/inst/k2_stats_U0/ap_enable_reg_pp0_iter2_reg/C --> bd_0_i/hls_inst/inst/k2_stats_U0/sum_abs_reg_3238_reg[9]_inv/R}"
"ap_clk","-3.666","10.000","-0.011","0.035","13.548","6.438","7.110","58","19","14 (*)","28","-1.097","3.232","FDRE(71) LUT6(1) CARRY8(1) CARRY8(1) CARRY8(1) CARRY8(65) LUT3(1) CARRY8(65) LUT4(1) CARRY8(1) CARRY8(1) CARRY8(1) CARRY8(65) LUT3(1) CARRY8(65) LUT4(1) CARRY8(1) CARRY8(1) CARRY8(1) CARRY8(66) LUT3(1) CARRY8(66) LUT4(1) CARRY8(1) CARRY8(1) CARRY8(1) CARRY8(67) LUT3(1) CARRY8(67) LUT4(1) CARRY8(1) CARRY8(1) CARRY8(1) CARRY8(65) LUT3(1) CARRY8(65) LUT4(1) CARRY8(1) CARRY8(1) CARRY8(1) CARRY8(65) LUT3(1) CARRY8(65) LUT4(1) CARRY8(1) CARRY8(1) CARRY8(1) CARRY8(66) LUT3(1) CARRY8(67) LUT4(1) CARRY8(1) CARRY8(1) CARRY8(1) CARRY8(67) LUT3(1) CARRY8(58) LUT2(1) LUT6(26) FDSE","{bd_0_i/hls_inst/inst/k2_stats_U0/ap_enable_reg_pp0_iter2_reg/C --> bd_0_i/hls_inst/inst/k2_stats_U0/tmp_48_reg_3253_reg[10]/S}"
"ap_clk","-3.666","10.000","-0.011","0.035","13.548","6.438","7.110","58","19","14 (*)","28","-1.097","3.232","FDRE(71) LUT6(1) CARRY8(1) CARRY8(1) CARRY8(1) CARRY8(65) LUT3(1) CARRY8(65) LUT4(1) CARRY8(1) CARRY8(1) CARRY8(1) CARRY8(65) LUT3(1) CARRY8(65) LUT4(1) CARRY8(1) CARRY8(1) CARRY8(1) CARRY8(66) LUT3(1) CARRY8(66) LUT4(1) CARRY8(1) CARRY8(1) CARRY8(1) CARRY8(67) LUT3(1) CARRY8(67) LUT4(1) CARRY8(1) CARRY8(1) CARRY8(1) CARRY8(65) LUT3(1) CARRY8(65) LUT4(1) CARRY8(1) CARRY8(1) CARRY8(1) CARRY8(65) LUT3(1) CARRY8(65) LUT4(1) CARRY8(1) CARRY8(1) CARRY8(1) CARRY8(66) LUT3(1) CARRY8(67) LUT4(1) CARRY8(1) CARRY8(1) CARRY8(1) CARRY8(67) LUT3(1) CARRY8(58) LUT2(1) LUT6(26) FDSE","{bd_0_i/hls_inst/inst/k2_stats_U0/ap_enable_reg_pp0_iter2_reg/C --> bd_0_i/hls_inst/inst/k2_stats_U0/tmp_48_reg_3253_reg[11]/S}"
"ap_clk","-3.666","10.000","-0.011","0.035","13.548","6.438","7.110","58","19","14 (*)","28","-1.097","3.232","FDRE(71) LUT6(1) CARRY8(1) CARRY8(1) CARRY8(1) CARRY8(65) LUT3(1) CARRY8(65) LUT4(1) CARRY8(1) CARRY8(1) CARRY8(1) CARRY8(65) LUT3(1) CARRY8(65) LUT4(1) CARRY8(1) CARRY8(1) CARRY8(1) CARRY8(66) LUT3(1) CARRY8(66) LUT4(1) CARRY8(1) CARRY8(1) CARRY8(1) CARRY8(67) LUT3(1) CARRY8(67) LUT4(1) CARRY8(1) CARRY8(1) CARRY8(1) CARRY8(65) LUT3(1) CARRY8(65) LUT4(1) CARRY8(1) CARRY8(1) CARRY8(1) CARRY8(65) LUT3(1) CARRY8(65) LUT4(1) CARRY8(1) CARRY8(1) CARRY8(1) CARRY8(66) LUT3(1) CARRY8(67) LUT4(1) CARRY8(1) CARRY8(1) CARRY8(1) CARRY8(67) LUT3(1) CARRY8(58) LUT2(1) LUT6(26) FDSE","{bd_0_i/hls_inst/inst/k2_stats_U0/ap_enable_reg_pp0_iter2_reg/C --> bd_0_i/hls_inst/inst/k2_stats_U0/tmp_48_reg_3253_reg[12]/S}"
"ap_clk","-3.666","10.000","-0.011","0.035","13.548","6.438","7.110","58","19","14 (*)","28","-1.097","3.232","FDRE(71) LUT6(1) CARRY8(1) CARRY8(1) CARRY8(1) CARRY8(65) LUT3(1) CARRY8(65) LUT4(1) CARRY8(1) CARRY8(1) CARRY8(1) CARRY8(65) LUT3(1) CARRY8(65) LUT4(1) CARRY8(1) CARRY8(1) CARRY8(1) CARRY8(66) LUT3(1) CARRY8(66) LUT4(1) CARRY8(1) CARRY8(1) CARRY8(1) CARRY8(67) LUT3(1) CARRY8(67) LUT4(1) CARRY8(1) CARRY8(1) CARRY8(1) CARRY8(65) LUT3(1) CARRY8(65) LUT4(1) CARRY8(1) CARRY8(1) CARRY8(1) CARRY8(65) LUT3(1) CARRY8(65) LUT4(1) CARRY8(1) CARRY8(1) CARRY8(1) CARRY8(66) LUT3(1) CARRY8(67) LUT4(1) CARRY8(1) CARRY8(1) CARRY8(1) CARRY8(67) LUT3(1) CARRY8(58) LUT2(1) LUT6(26) FDSE","{bd_0_i/hls_inst/inst/k2_stats_U0/ap_enable_reg_pp0_iter2_reg/C --> bd_0_i/hls_inst/inst/k2_stats_U0/tmp_48_reg_3253_reg[13]/S}"
"ap_clk","-3.666","10.000","-0.011","0.035","13.548","6.438","7.110","58","19","14 (*)","28","-1.097","3.232","FDRE(71) LUT6(1) CARRY8(1) CARRY8(1) CARRY8(1) CARRY8(65) LUT3(1) CARRY8(65) LUT4(1) CARRY8(1) CARRY8(1) CARRY8(1) CARRY8(65) LUT3(1) CARRY8(65) LUT4(1) CARRY8(1) CARRY8(1) CARRY8(1) CARRY8(66) LUT3(1) CARRY8(66) LUT4(1) CARRY8(1) CARRY8(1) CARRY8(1) CARRY8(67) LUT3(1) CARRY8(67) LUT4(1) CARRY8(1) CARRY8(1) CARRY8(1) CARRY8(65) LUT3(1) CARRY8(65) LUT4(1) CARRY8(1) CARRY8(1) CARRY8(1) CARRY8(65) LUT3(1) CARRY8(65) LUT4(1) CARRY8(1) CARRY8(1) CARRY8(1) CARRY8(66) LUT3(1) CARRY8(67) LUT4(1) CARRY8(1) CARRY8(1) CARRY8(1) CARRY8(67) LUT3(1) CARRY8(58) LUT2(1) LUT6(26) FDSE","{bd_0_i/hls_inst/inst/k2_stats_U0/ap_enable_reg_pp0_iter2_reg/C --> bd_0_i/hls_inst/inst/k2_stats_U0/tmp_48_reg_3253_reg[14]/S}"
"ap_clk","-3.666","10.000","-0.011","0.035","13.548","6.438","7.110","58","19","14 (*)","28","-1.097","3.232","FDRE(71) LUT6(1) CARRY8(1) CARRY8(1) CARRY8(1) CARRY8(65) LUT3(1) CARRY8(65) LUT4(1) CARRY8(1) CARRY8(1) CARRY8(1) CARRY8(65) LUT3(1) CARRY8(65) LUT4(1) CARRY8(1) CARRY8(1) CARRY8(1) CARRY8(66) LUT3(1) CARRY8(66) LUT4(1) CARRY8(1) CARRY8(1) CARRY8(1) CARRY8(67) LUT3(1) CARRY8(67) LUT4(1) CARRY8(1) CARRY8(1) CARRY8(1) CARRY8(65) LUT3(1) CARRY8(65) LUT4(1) CARRY8(1) CARRY8(1) CARRY8(1) CARRY8(65) LUT3(1) CARRY8(65) LUT4(1) CARRY8(1) CARRY8(1) CARRY8(1) CARRY8(66) LUT3(1) CARRY8(67) LUT4(1) CARRY8(1) CARRY8(1) CARRY8(1) CARRY8(67) LUT3(1) CARRY8(58) LUT2(1) LUT6(26) FDSE","{bd_0_i/hls_inst/inst/k2_stats_U0/ap_enable_reg_pp0_iter2_reg/C --> bd_0_i/hls_inst/inst/k2_stats_U0/tmp_48_reg_3253_reg[15]/S}"
"ap_clk","-3.666","10.000","-0.011","0.035","13.548","6.438","7.110","58","19","14 (*)","28","-1.097","3.232","FDRE(71) LUT6(1) CARRY8(1) CARRY8(1) CARRY8(1) CARRY8(65) LUT3(1) CARRY8(65) LUT4(1) CARRY8(1) CARRY8(1) CARRY8(1) CARRY8(65) LUT3(1) CARRY8(65) LUT4(1) CARRY8(1) CARRY8(1) CARRY8(1) CARRY8(66) LUT3(1) CARRY8(66) LUT4(1) CARRY8(1) CARRY8(1) CARRY8(1) CARRY8(67) LUT3(1) CARRY8(67) LUT4(1) CARRY8(1) CARRY8(1) CARRY8(1) CARRY8(65) LUT3(1) CARRY8(65) LUT4(1) CARRY8(1) CARRY8(1) CARRY8(1) CARRY8(65) LUT3(1) CARRY8(65) LUT4(1) CARRY8(1) CARRY8(1) CARRY8(1) CARRY8(66) LUT3(1) CARRY8(67) LUT4(1) CARRY8(1) CARRY8(1) CARRY8(1) CARRY8(67) LUT3(1) CARRY8(58) LUT2(1) LUT6(26) FDSE","{bd_0_i/hls_inst/inst/k2_stats_U0/ap_enable_reg_pp0_iter2_reg/C --> bd_0_i/hls_inst/inst/k2_stats_U0/tmp_48_reg_3253_reg[16]/S}"
"ap_clk","-3.666","10.000","-0.011","0.035","13.548","6.438","7.110","58","19","14 (*)","28","-1.097","3.232","FDRE(71) LUT6(1) CARRY8(1) CARRY8(1) CARRY8(1) CARRY8(65) LUT3(1) CARRY8(65) LUT4(1) CARRY8(1) CARRY8(1) CARRY8(1) CARRY8(65) LUT3(1) CARRY8(65) LUT4(1) CARRY8(1) CARRY8(1) CARRY8(1) CARRY8(66) LUT3(1) CARRY8(66) LUT4(1) CARRY8(1) CARRY8(1) CARRY8(1) CARRY8(67) LUT3(1) CARRY8(67) LUT4(1) CARRY8(1) CARRY8(1) CARRY8(1) CARRY8(65) LUT3(1) CARRY8(65) LUT4(1) CARRY8(1) CARRY8(1) CARRY8(1) CARRY8(65) LUT3(1) CARRY8(65) LUT4(1) CARRY8(1) CARRY8(1) CARRY8(1) CARRY8(66) LUT3(1) CARRY8(67) LUT4(1) CARRY8(1) CARRY8(1) CARRY8(1) CARRY8(67) LUT3(1) CARRY8(58) LUT2(1) LUT6(26) FDSE","{bd_0_i/hls_inst/inst/k2_stats_U0/ap_enable_reg_pp0_iter2_reg/C --> bd_0_i/hls_inst/inst/k2_stats_U0/tmp_48_reg_3253_reg[17]/S}"
"ap_clk","-3.666","10.000","-0.011","0.035","13.548","6.438","7.110","58","19","14 (*)","28","-1.097","3.232","FDRE(71) LUT6(1) CARRY8(1) CARRY8(1) CARRY8(1) CARRY8(65) LUT3(1) CARRY8(65) LUT4(1) CARRY8(1) CARRY8(1) CARRY8(1) CARRY8(65) LUT3(1) CARRY8(65) LUT4(1) CARRY8(1) CARRY8(1) CARRY8(1) CARRY8(66) LUT3(1) CARRY8(66) LUT4(1) CARRY8(1) CARRY8(1) CARRY8(1) CARRY8(67) LUT3(1) CARRY8(67) LUT4(1) CARRY8(1) CARRY8(1) CARRY8(1) CARRY8(65) LUT3(1) CARRY8(65) LUT4(1) CARRY8(1) CARRY8(1) CARRY8(1) CARRY8(65) LUT3(1) CARRY8(65) LUT4(1) CARRY8(1) CARRY8(1) CARRY8(1) CARRY8(66) LUT3(1) CARRY8(67) LUT4(1) CARRY8(1) CARRY8(1) CARRY8(1) CARRY8(67) LUT3(1) CARRY8(58) LUT2(1) LUT6(26) FDSE","{bd_0_i/hls_inst/inst/k2_stats_U0/ap_enable_reg_pp0_iter2_reg/C --> bd_0_i/hls_inst/inst/k2_stats_U0/tmp_48_reg_3253_reg[18]/S}"
"ap_clk","-3.666","10.000","-0.011","0.035","13.548","6.438","7.110","58","19","14 (*)","28","-1.097","3.232","FDRE(71) LUT6(1) CARRY8(1) CARRY8(1) CARRY8(1) CARRY8(65) LUT3(1) CARRY8(65) LUT4(1) CARRY8(1) CARRY8(1) CARRY8(1) CARRY8(65) LUT3(1) CARRY8(65) LUT4(1) CARRY8(1) CARRY8(1) CARRY8(1) CARRY8(66) LUT3(1) CARRY8(66) LUT4(1) CARRY8(1) CARRY8(1) CARRY8(1) CARRY8(67) LUT3(1) CARRY8(67) LUT4(1) CARRY8(1) CARRY8(1) CARRY8(1) CARRY8(65) LUT3(1) CARRY8(65) LUT4(1) CARRY8(1) CARRY8(1) CARRY8(1) CARRY8(65) LUT3(1) CARRY8(65) LUT4(1) CARRY8(1) CARRY8(1) CARRY8(1) CARRY8(66) LUT3(1) CARRY8(67) LUT4(1) CARRY8(1) CARRY8(1) CARRY8(1) CARRY8(67) LUT3(1) CARRY8(58) LUT2(1) LUT6(26) FDSE","{bd_0_i/hls_inst/inst/k2_stats_U0/ap_enable_reg_pp0_iter2_reg/C --> bd_0_i/hls_inst/inst/k2_stats_U0/tmp_48_reg_3253_reg[19]/S}"
"ap_clk","-3.666","10.000","-0.011","0.035","13.548","6.438","7.110","58","19","14 (*)","28","-1.097","3.232","FDRE(71) LUT6(1) CARRY8(1) CARRY8(1) CARRY8(1) CARRY8(65) LUT3(1) CARRY8(65) LUT4(1) CARRY8(1) CARRY8(1) CARRY8(1) CARRY8(65) LUT3(1) CARRY8(65) LUT4(1) CARRY8(1) CARRY8(1) CARRY8(1) CARRY8(66) LUT3(1) CARRY8(66) LUT4(1) CARRY8(1) CARRY8(1) CARRY8(1) CARRY8(67) LUT3(1) CARRY8(67) LUT4(1) CARRY8(1) CARRY8(1) CARRY8(1) CARRY8(65) LUT3(1) CARRY8(65) LUT4(1) CARRY8(1) CARRY8(1) CARRY8(1) CARRY8(65) LUT3(1) CARRY8(65) LUT4(1) CARRY8(1) CARRY8(1) CARRY8(1) CARRY8(66) LUT3(1) CARRY8(67) LUT4(1) CARRY8(1) CARRY8(1) CARRY8(1) CARRY8(67) LUT3(1) CARRY8(58) LUT2(1) LUT6(26) FDSE","{bd_0_i/hls_inst/inst/k2_stats_U0/ap_enable_reg_pp0_iter2_reg/C --> bd_0_i/hls_inst/inst/k2_stats_U0/tmp_48_reg_3253_reg[20]/S}"
"ap_clk","-3.666","10.000","-0.011","0.035","13.548","6.438","7.110","58","19","14 (*)","28","-1.097","3.232","FDRE(71) LUT6(1) CARRY8(1) CARRY8(1) CARRY8(1) CARRY8(65) LUT3(1) CARRY8(65) LUT4(1) CARRY8(1) CARRY8(1) CARRY8(1) CARRY8(65) LUT3(1) CARRY8(65) LUT4(1) CARRY8(1) CARRY8(1) CARRY8(1) CARRY8(66) LUT3(1) CARRY8(66) LUT4(1) CARRY8(1) CARRY8(1) CARRY8(1) CARRY8(67) LUT3(1) CARRY8(67) LUT4(1) CARRY8(1) CARRY8(1) CARRY8(1) CARRY8(65) LUT3(1) CARRY8(65) LUT4(1) CARRY8(1) CARRY8(1) CARRY8(1) CARRY8(65) LUT3(1) CARRY8(65) LUT4(1) CARRY8(1) CARRY8(1) CARRY8(1) CARRY8(66) LUT3(1) CARRY8(67) LUT4(1) CARRY8(1) CARRY8(1) CARRY8(1) CARRY8(67) LUT3(1) CARRY8(58) LUT2(1) LUT6(26) FDSE","{bd_0_i/hls_inst/inst/k2_stats_U0/ap_enable_reg_pp0_iter2_reg/C --> bd_0_i/hls_inst/inst/k2_stats_U0/tmp_48_reg_3253_reg[21]/S}"
"ap_clk","-3.666","10.000","-0.011","0.035","13.548","6.438","7.110","58","19","14 (*)","28","-1.097","3.232","FDRE(71) LUT6(1) CARRY8(1) CARRY8(1) CARRY8(1) CARRY8(65) LUT3(1) CARRY8(65) LUT4(1) CARRY8(1) CARRY8(1) CARRY8(1) CARRY8(65) LUT3(1) CARRY8(65) LUT4(1) CARRY8(1) CARRY8(1) CARRY8(1) CARRY8(66) LUT3(1) CARRY8(66) LUT4(1) CARRY8(1) CARRY8(1) CARRY8(1) CARRY8(67) LUT3(1) CARRY8(67) LUT4(1) CARRY8(1) CARRY8(1) CARRY8(1) CARRY8(65) LUT3(1) CARRY8(65) LUT4(1) CARRY8(1) CARRY8(1) CARRY8(1) CARRY8(65) LUT3(1) CARRY8(65) LUT4(1) CARRY8(1) CARRY8(1) CARRY8(1) CARRY8(66) LUT3(1) CARRY8(67) LUT4(1) CARRY8(1) CARRY8(1) CARRY8(1) CARRY8(67) LUT3(1) CARRY8(58) LUT2(1) LUT6(26) FDSE","{bd_0_i/hls_inst/inst/k2_stats_U0/ap_enable_reg_pp0_iter2_reg/C --> bd_0_i/hls_inst/inst/k2_stats_U0/tmp_48_reg_3253_reg[22]/S}"
"ap_clk","-3.666","10.000","-0.011","0.035","13.548","6.438","7.110","58","19","14 (*)","28","-1.097","3.232","FDRE(71) LUT6(1) CARRY8(1) CARRY8(1) CARRY8(1) CARRY8(65) LUT3(1) CARRY8(65) LUT4(1) CARRY8(1) CARRY8(1) CARRY8(1) CARRY8(65) LUT3(1) CARRY8(65) LUT4(1) CARRY8(1) CARRY8(1) CARRY8(1) CARRY8(66) LUT3(1) CARRY8(66) LUT4(1) CARRY8(1) CARRY8(1) CARRY8(1) CARRY8(67) LUT3(1) CARRY8(67) LUT4(1) CARRY8(1) CARRY8(1) CARRY8(1) CARRY8(65) LUT3(1) CARRY8(65) LUT4(1) CARRY8(1) CARRY8(1) CARRY8(1) CARRY8(65) LUT3(1) CARRY8(65) LUT4(1) CARRY8(1) CARRY8(1) CARRY8(1) CARRY8(66) LUT3(1) CARRY8(67) LUT4(1) CARRY8(1) CARRY8(1) CARRY8(1) CARRY8(67) LUT3(1) CARRY8(58) LUT2(1) LUT6(26) FDSE","{bd_0_i/hls_inst/inst/k2_stats_U0/ap_enable_reg_pp0_iter2_reg/C --> bd_0_i/hls_inst/inst/k2_stats_U0/tmp_48_reg_3253_reg[23]/S}"
"ap_clk","-3.666","10.000","-0.011","0.035","13.548","6.438","7.110","58","19","14 (*)","28","-1.097","3.232","FDRE(71) LUT6(1) CARRY8(1) CARRY8(1) CARRY8(1) CARRY8(65) LUT3(1) CARRY8(65) LUT4(1) CARRY8(1) CARRY8(1) CARRY8(1) CARRY8(65) LUT3(1) CARRY8(65) LUT4(1) CARRY8(1) CARRY8(1) CARRY8(1) CARRY8(66) LUT3(1) CARRY8(66) LUT4(1) CARRY8(1) CARRY8(1) CARRY8(1) CARRY8(67) LUT3(1) CARRY8(67) LUT4(1) CARRY8(1) CARRY8(1) CARRY8(1) CARRY8(65) LUT3(1) CARRY8(65) LUT4(1) CARRY8(1) CARRY8(1) CARRY8(1) CARRY8(65) LUT3(1) CARRY8(65) LUT4(1) CARRY8(1) CARRY8(1) CARRY8(1) CARRY8(66) LUT3(1) CARRY8(67) LUT4(1) CARRY8(1) CARRY8(1) CARRY8(1) CARRY8(67) LUT3(1) CARRY8(58) LUT2(1) LUT6(26) FDSE","{bd_0_i/hls_inst/inst/k2_stats_U0/ap_enable_reg_pp0_iter2_reg/C --> bd_0_i/hls_inst/inst/k2_stats_U0/tmp_48_reg_3253_reg[5]/S}"
"ap_clk","-3.666","10.000","-0.011","0.035","13.548","6.438","7.110","58","19","14 (*)","28","-1.097","3.232","FDRE(71) LUT6(1) CARRY8(1) CARRY8(1) CARRY8(1) CARRY8(65) LUT3(1) CARRY8(65) LUT4(1) CARRY8(1) CARRY8(1) CARRY8(1) CARRY8(65) LUT3(1) CARRY8(65) LUT4(1) CARRY8(1) CARRY8(1) CARRY8(1) CARRY8(66) LUT3(1) CARRY8(66) LUT4(1) CARRY8(1) CARRY8(1) CARRY8(1) CARRY8(67) LUT3(1) CARRY8(67) LUT4(1) CARRY8(1) CARRY8(1) CARRY8(1) CARRY8(65) LUT3(1) CARRY8(65) LUT4(1) CARRY8(1) CARRY8(1) CARRY8(1) CARRY8(65) LUT3(1) CARRY8(65) LUT4(1) CARRY8(1) CARRY8(1) CARRY8(1) CARRY8(66) LUT3(1) CARRY8(67) LUT4(1) CARRY8(1) CARRY8(1) CARRY8(1) CARRY8(67) LUT3(1) CARRY8(58) LUT2(1) LUT6(26) FDSE","{bd_0_i/hls_inst/inst/k2_stats_U0/ap_enable_reg_pp0_iter2_reg/C --> bd_0_i/hls_inst/inst/k2_stats_U0/tmp_48_reg_3253_reg[6]/S}"
"ap_clk","-3.666","10.000","-0.011","0.035","13.548","6.438","7.110","58","19","14 (*)","28","-1.097","3.232","FDRE(71) LUT6(1) CARRY8(1) CARRY8(1) CARRY8(1) CARRY8(65) LUT3(1) CARRY8(65) LUT4(1) CARRY8(1) CARRY8(1) CARRY8(1) CARRY8(65) LUT3(1) CARRY8(65) LUT4(1) CARRY8(1) CARRY8(1) CARRY8(1) CARRY8(66) LUT3(1) CARRY8(66) LUT4(1) CARRY8(1) CARRY8(1) CARRY8(1) CARRY8(67) LUT3(1) CARRY8(67) LUT4(1) CARRY8(1) CARRY8(1) CARRY8(1) CARRY8(65) LUT3(1) CARRY8(65) LUT4(1) CARRY8(1) CARRY8(1) CARRY8(1) CARRY8(65) LUT3(1) CARRY8(65) LUT4(1) CARRY8(1) CARRY8(1) CARRY8(1) CARRY8(66) LUT3(1) CARRY8(67) LUT4(1) CARRY8(1) CARRY8(1) CARRY8(1) CARRY8(67) LUT3(1) CARRY8(58) LUT2(1) LUT6(26) FDSE","{bd_0_i/hls_inst/inst/k2_stats_U0/ap_enable_reg_pp0_iter2_reg/C --> bd_0_i/hls_inst/inst/k2_stats_U0/tmp_48_reg_3253_reg[7]/S}"
"ap_clk","-3.666","10.000","-0.011","0.035","13.548","6.438","7.110","58","19","14 (*)","28","-1.097","3.232","FDRE(71) LUT6(1) CARRY8(1) CARRY8(1) CARRY8(1) CARRY8(65) LUT3(1) CARRY8(65) LUT4(1) CARRY8(1) CARRY8(1) CARRY8(1) CARRY8(65) LUT3(1) CARRY8(65) LUT4(1) CARRY8(1) CARRY8(1) CARRY8(1) CARRY8(66) LUT3(1) CARRY8(66) LUT4(1) CARRY8(1) CARRY8(1) CARRY8(1) CARRY8(67) LUT3(1) CARRY8(67) LUT4(1) CARRY8(1) CARRY8(1) CARRY8(1) CARRY8(65) LUT3(1) CARRY8(65) LUT4(1) CARRY8(1) CARRY8(1) CARRY8(1) CARRY8(65) LUT3(1) CARRY8(65) LUT4(1) CARRY8(1) CARRY8(1) CARRY8(1) CARRY8(66) LUT3(1) CARRY8(67) LUT4(1) CARRY8(1) CARRY8(1) CARRY8(1) CARRY8(67) LUT3(1) CARRY8(58) LUT2(1) LUT6(26) FDSE","{bd_0_i/hls_inst/inst/k2_stats_U0/ap_enable_reg_pp0_iter2_reg/C --> bd_0_i/hls_inst/inst/k2_stats_U0/tmp_48_reg_3253_reg[8]/S}"
"ap_clk","-3.666","10.000","-0.011","0.035","13.548","6.438","7.110","58","19","14 (*)","28","-1.097","3.232","FDRE(71) LUT6(1) CARRY8(1) CARRY8(1) CARRY8(1) CARRY8(65) LUT3(1) CARRY8(65) LUT4(1) CARRY8(1) CARRY8(1) CARRY8(1) CARRY8(65) LUT3(1) CARRY8(65) LUT4(1) CARRY8(1) CARRY8(1) CARRY8(1) CARRY8(66) LUT3(1) CARRY8(66) LUT4(1) CARRY8(1) CARRY8(1) CARRY8(1) CARRY8(67) LUT3(1) CARRY8(67) LUT4(1) CARRY8(1) CARRY8(1) CARRY8(1) CARRY8(65) LUT3(1) CARRY8(65) LUT4(1) CARRY8(1) CARRY8(1) CARRY8(1) CARRY8(65) LUT3(1) CARRY8(65) LUT4(1) CARRY8(1) CARRY8(1) CARRY8(1) CARRY8(66) LUT3(1) CARRY8(67) LUT4(1) CARRY8(1) CARRY8(1) CARRY8(1) CARRY8(67) LUT3(1) CARRY8(58) LUT2(1) LUT6(26) FDSE","{bd_0_i/hls_inst/inst/k2_stats_U0/ap_enable_reg_pp0_iter2_reg/C --> bd_0_i/hls_inst/inst/k2_stats_U0/tmp_48_reg_3253_reg[9]/S}"
"ap_clk","-3.656","10.000","-0.011","0.035","13.637","6.478","7.159","59","19","14 (*)","28","-1.038","3.331","FDRE(71) LUT6(1) CARRY8(1) CARRY8(1) CARRY8(1) CARRY8(65) LUT3(1) CARRY8(65) LUT4(1) CARRY8(1) CARRY8(1) CARRY8(1) CARRY8(65) LUT3(1) CARRY8(65) LUT4(1) CARRY8(1) CARRY8(1) CARRY8(1) CARRY8(66) LUT3(1) CARRY8(66) LUT4(1) CARRY8(1) CARRY8(1) CARRY8(1) CARRY8(67) LUT3(1) CARRY8(67) LUT4(1) CARRY8(1) CARRY8(1) CARRY8(1) CARRY8(65) LUT3(1) CARRY8(65) LUT4(1) CARRY8(1) CARRY8(1) CARRY8(1) CARRY8(65) LUT3(1) CARRY8(65) LUT4(1) CARRY8(1) CARRY8(1) CARRY8(1) CARRY8(66) LUT3(1) CARRY8(67) LUT4(1) CARRY8(1) CARRY8(1) CARRY8(1) CARRY8(67) LUT3(1) CARRY8(58) LUT4(2) LUT6(18) LUT6(1) FDSE","{bd_0_i/hls_inst/inst/k2_stats_U0/ap_enable_reg_pp0_iter2_reg/C --> bd_0_i/hls_inst/inst/k2_stats_U0/sum_abs_reg_3238_reg[0]/D}"
"ap_clk","-3.656","10.000","-0.011","0.035","13.637","6.478","7.159","59","19","14 (*)","28","-1.038","3.331","FDRE(71) LUT6(1) CARRY8(1) CARRY8(1) CARRY8(1) CARRY8(65) LUT3(1) CARRY8(65) LUT4(1) CARRY8(1) CARRY8(1) CARRY8(1) CARRY8(65) LUT3(1) CARRY8(65) LUT4(1) CARRY8(1) CARRY8(1) CARRY8(1) CARRY8(66) LUT3(1) CARRY8(66) LUT4(1) CARRY8(1) CARRY8(1) CARRY8(1) CARRY8(67) LUT3(1) CARRY8(67) LUT4(1) CARRY8(1) CARRY8(1) CARRY8(1) CARRY8(65) LUT3(1) CARRY8(65) LUT4(1) CARRY8(1) CARRY8(1) CARRY8(1) CARRY8(65) LUT3(1) CARRY8(65) LUT4(1) CARRY8(1) CARRY8(1) CARRY8(1) CARRY8(66) LUT3(1) CARRY8(67) LUT4(1) CARRY8(1) CARRY8(1) CARRY8(1) CARRY8(67) LUT3(1) CARRY8(58) LUT4(2) LUT6(18) LUT6(1) FDRE","{bd_0_i/hls_inst/inst/k2_stats_U0/ap_enable_reg_pp0_iter2_reg/C --> bd_0_i/hls_inst/inst/k2_stats_U0/sum_abs_reg_3238_reg[1]_inv/D}"
"ap_clk","-3.656","10.000","-0.011","0.035","13.637","6.478","7.159","59","19","14 (*)","28","-1.038","3.331","FDRE(71) LUT6(1) CARRY8(1) CARRY8(1) CARRY8(1) CARRY8(65) LUT3(1) CARRY8(65) LUT4(1) CARRY8(1) CARRY8(1) CARRY8(1) CARRY8(65) LUT3(1) CARRY8(65) LUT4(1) CARRY8(1) CARRY8(1) CARRY8(1) CARRY8(66) LUT3(1) CARRY8(66) LUT4(1) CARRY8(1) CARRY8(1) CARRY8(1) CARRY8(67) LUT3(1) CARRY8(67) LUT4(1) CARRY8(1) CARRY8(1) CARRY8(1) CARRY8(65) LUT3(1) CARRY8(65) LUT4(1) CARRY8(1) CARRY8(1) CARRY8(1) CARRY8(65) LUT3(1) CARRY8(65) LUT4(1) CARRY8(1) CARRY8(1) CARRY8(1) CARRY8(66) LUT3(1) CARRY8(67) LUT4(1) CARRY8(1) CARRY8(1) CARRY8(1) CARRY8(67) LUT3(1) CARRY8(58) LUT4(2) LUT6(18) LUT6(1) FDRE","{bd_0_i/hls_inst/inst/k2_stats_U0/ap_enable_reg_pp0_iter2_reg/C --> bd_0_i/hls_inst/inst/k2_stats_U0/sum_abs_reg_3238_reg[2]_inv/D}"
"ap_clk","-3.656","10.000","-0.011","0.035","13.637","6.478","7.159","59","19","14 (*)","28","-1.038","3.331","FDRE(71) LUT6(1) CARRY8(1) CARRY8(1) CARRY8(1) CARRY8(65) LUT3(1) CARRY8(65) LUT4(1) CARRY8(1) CARRY8(1) CARRY8(1) CARRY8(65) LUT3(1) CARRY8(65) LUT4(1) CARRY8(1) CARRY8(1) CARRY8(1) CARRY8(66) LUT3(1) CARRY8(66) LUT4(1) CARRY8(1) CARRY8(1) CARRY8(1) CARRY8(67) LUT3(1) CARRY8(67) LUT4(1) CARRY8(1) CARRY8(1) CARRY8(1) CARRY8(65) LUT3(1) CARRY8(65) LUT4(1) CARRY8(1) CARRY8(1) CARRY8(1) CARRY8(65) LUT3(1) CARRY8(65) LUT4(1) CARRY8(1) CARRY8(1) CARRY8(1) CARRY8(66) LUT3(1) CARRY8(67) LUT4(1) CARRY8(1) CARRY8(1) CARRY8(1) CARRY8(67) LUT3(1) CARRY8(58) LUT4(2) LUT6(18) LUT6(1) FDRE","{bd_0_i/hls_inst/inst/k2_stats_U0/ap_enable_reg_pp0_iter2_reg/C --> bd_0_i/hls_inst/inst/k2_stats_U0/sum_abs_reg_3238_reg[3]_inv/D}"
"ap_clk","-3.656","10.000","-0.011","0.035","13.637","6.478","7.159","59","19","14 (*)","28","-1.038","3.331","FDRE(71) LUT6(1) CARRY8(1) CARRY8(1) CARRY8(1) CARRY8(65) LUT3(1) CARRY8(65) LUT4(1) CARRY8(1) CARRY8(1) CARRY8(1) CARRY8(65) LUT3(1) CARRY8(65) LUT4(1) CARRY8(1) CARRY8(1) CARRY8(1) CARRY8(66) LUT3(1) CARRY8(66) LUT4(1) CARRY8(1) CARRY8(1) CARRY8(1) CARRY8(67) LUT3(1) CARRY8(67) LUT4(1) CARRY8(1) CARRY8(1) CARRY8(1) CARRY8(65) LUT3(1) CARRY8(65) LUT4(1) CARRY8(1) CARRY8(1) CARRY8(1) CARRY8(65) LUT3(1) CARRY8(65) LUT4(1) CARRY8(1) CARRY8(1) CARRY8(1) CARRY8(66) LUT3(1) CARRY8(67) LUT4(1) CARRY8(1) CARRY8(1) CARRY8(1) CARRY8(67) LUT3(1) CARRY8(58) LUT4(2) LUT6(18) LUT6(1) FDRE","{bd_0_i/hls_inst/inst/k2_stats_U0/ap_enable_reg_pp0_iter2_reg/C --> bd_0_i/hls_inst/inst/k2_stats_U0/sum_abs_reg_3238_reg[4]_inv/D}"
"ap_clk","-3.656","10.000","-0.011","0.035","13.637","6.478","7.159","59","19","14 (*)","28","-1.038","3.331","FDRE(71) LUT6(1) CARRY8(1) CARRY8(1) CARRY8(1) CARRY8(65) LUT3(1) CARRY8(65) LUT4(1) CARRY8(1) CARRY8(1) CARRY8(1) CARRY8(65) LUT3(1) CARRY8(65) LUT4(1) CARRY8(1) CARRY8(1) CARRY8(1) CARRY8(66) LUT3(1) CARRY8(66) LUT4(1) CARRY8(1) CARRY8(1) CARRY8(1) CARRY8(67) LUT3(1) CARRY8(67) LUT4(1) CARRY8(1) CARRY8(1) CARRY8(1) CARRY8(65) LUT3(1) CARRY8(65) LUT4(1) CARRY8(1) CARRY8(1) CARRY8(1) CARRY8(65) LUT3(1) CARRY8(65) LUT4(1) CARRY8(1) CARRY8(1) CARRY8(1) CARRY8(66) LUT3(1) CARRY8(67) LUT4(1) CARRY8(1) CARRY8(1) CARRY8(1) CARRY8(67) LUT3(1) CARRY8(58) LUT4(2) LUT6(18) LUT6(1) FDRE","{bd_0_i/hls_inst/inst/k2_stats_U0/ap_enable_reg_pp0_iter2_reg/C --> bd_0_i/hls_inst/inst/k2_stats_U0/sum_abs_reg_3238_reg[5]_inv/D}"
"ap_clk","-3.656","10.000","-0.011","0.035","13.637","6.478","7.159","59","19","14 (*)","28","-1.038","3.331","FDRE(71) LUT6(1) CARRY8(1) CARRY8(1) CARRY8(1) CARRY8(65) LUT3(1) CARRY8(65) LUT4(1) CARRY8(1) CARRY8(1) CARRY8(1) CARRY8(65) LUT3(1) CARRY8(65) LUT4(1) CARRY8(1) CARRY8(1) CARRY8(1) CARRY8(66) LUT3(1) CARRY8(66) LUT4(1) CARRY8(1) CARRY8(1) CARRY8(1) CARRY8(67) LUT3(1) CARRY8(67) LUT4(1) CARRY8(1) CARRY8(1) CARRY8(1) CARRY8(65) LUT3(1) CARRY8(65) LUT4(1) CARRY8(1) CARRY8(1) CARRY8(1) CARRY8(65) LUT3(1) CARRY8(65) LUT4(1) CARRY8(1) CARRY8(1) CARRY8(1) CARRY8(66) LUT3(1) CARRY8(67) LUT4(1) CARRY8(1) CARRY8(1) CARRY8(1) CARRY8(67) LUT3(1) CARRY8(58) LUT4(2) LUT6(18) LUT6(1) FDRE","{bd_0_i/hls_inst/inst/k2_stats_U0/ap_enable_reg_pp0_iter2_reg/C --> bd_0_i/hls_inst/inst/k2_stats_U0/sum_abs_reg_3238_reg[6]_inv/D}"
"ap_clk","-3.656","10.000","-0.011","0.035","13.637","6.478","7.159","59","19","14 (*)","28","-1.038","3.331","FDRE(71) LUT6(1) CARRY8(1) CARRY8(1) CARRY8(1) CARRY8(65) LUT3(1) CARRY8(65) LUT4(1) CARRY8(1) CARRY8(1) CARRY8(1) CARRY8(65) LUT3(1) CARRY8(65) LUT4(1) CARRY8(1) CARRY8(1) CARRY8(1) CARRY8(66) LUT3(1) CARRY8(66) LUT4(1) CARRY8(1) CARRY8(1) CARRY8(1) CARRY8(67) LUT3(1) CARRY8(67) LUT4(1) CARRY8(1) CARRY8(1) CARRY8(1) CARRY8(65) LUT3(1) CARRY8(65) LUT4(1) CARRY8(1) CARRY8(1) CARRY8(1) CARRY8(65) LUT3(1) CARRY8(65) LUT4(1) CARRY8(1) CARRY8(1) CARRY8(1) CARRY8(66) LUT3(1) CARRY8(67) LUT4(1) CARRY8(1) CARRY8(1) CARRY8(1) CARRY8(67) LUT3(1) CARRY8(58) LUT4(2) LUT6(18) LUT6(1) FDRE","{bd_0_i/hls_inst/inst/k2_stats_U0/ap_enable_reg_pp0_iter2_reg/C --> bd_0_i/hls_inst/inst/k2_stats_U0/sum_abs_reg_3238_reg[7]_inv/D}"
"ap_clk","-3.656","10.000","-0.011","0.035","13.637","6.478","7.159","59","19","14 (*)","28","-1.038","3.331","FDRE(71) LUT6(1) CARRY8(1) CARRY8(1) CARRY8(1) CARRY8(65) LUT3(1) CARRY8(65) LUT4(1) CARRY8(1) CARRY8(1) CARRY8(1) CARRY8(65) LUT3(1) CARRY8(65) LUT4(1) CARRY8(1) CARRY8(1) CARRY8(1) CARRY8(66) LUT3(1) CARRY8(66) LUT4(1) CARRY8(1) CARRY8(1) CARRY8(1) CARRY8(67) LUT3(1) CARRY8(67) LUT4(1) CARRY8(1) CARRY8(1) CARRY8(1) CARRY8(65) LUT3(1) CARRY8(65) LUT4(1) CARRY8(1) CARRY8(1) CARRY8(1) CARRY8(65) LUT3(1) CARRY8(65) LUT4(1) CARRY8(1) CARRY8(1) CARRY8(1) CARRY8(66) LUT3(1) CARRY8(67) LUT4(1) CARRY8(1) CARRY8(1) CARRY8(1) CARRY8(67) LUT3(1) CARRY8(58) LUT4(2) LUT6(18) LUT6(1) FDRE","{bd_0_i/hls_inst/inst/k2_stats_U0/ap_enable_reg_pp0_iter2_reg/C --> bd_0_i/hls_inst/inst/k2_stats_U0/sum_abs_reg_3238_reg[8]_inv/D}"
"ap_clk","-3.642","10.000","-0.011","0.035","13.623","6.478","7.145","59","19","14 (*)","28","-1.038","3.331","FDRE(71) LUT6(1) CARRY8(1) CARRY8(1) CARRY8(1) CARRY8(65) LUT3(1) CARRY8(65) LUT4(1) CARRY8(1) CARRY8(1) CARRY8(1) CARRY8(65) LUT3(1) CARRY8(65) LUT4(1) CARRY8(1) CARRY8(1) CARRY8(1) CARRY8(66) LUT3(1) CARRY8(66) LUT4(1) CARRY8(1) CARRY8(1) CARRY8(1) CARRY8(67) LUT3(1) CARRY8(67) LUT4(1) CARRY8(1) CARRY8(1) CARRY8(1) CARRY8(65) LUT3(1) CARRY8(65) LUT4(1) CARRY8(1) CARRY8(1) CARRY8(1) CARRY8(65) LUT3(1) CARRY8(65) LUT4(1) CARRY8(1) CARRY8(1) CARRY8(1) CARRY8(66) LUT3(1) CARRY8(67) LUT4(1) CARRY8(1) CARRY8(1) CARRY8(1) CARRY8(67) LUT3(1) CARRY8(58) LUT4(2) LUT6(10) LUT6(1) FDRE","{bd_0_i/hls_inst/inst/k2_stats_U0/ap_enable_reg_pp0_iter2_reg/C --> bd_0_i/hls_inst/inst/k2_stats_U0/sum_abs4_fu_200_reg[0]/D}"
"ap_clk","-3.642","10.000","-0.011","0.035","13.623","6.478","7.145","59","19","14 (*)","28","-1.038","3.331","FDRE(71) LUT6(1) CARRY8(1) CARRY8(1) CARRY8(1) CARRY8(65) LUT3(1) CARRY8(65) LUT4(1) CARRY8(1) CARRY8(1) CARRY8(1) CARRY8(65) LUT3(1) CARRY8(65) LUT4(1) CARRY8(1) CARRY8(1) CARRY8(1) CARRY8(66) LUT3(1) CARRY8(66) LUT4(1) CARRY8(1) CARRY8(1) CARRY8(1) CARRY8(67) LUT3(1) CARRY8(67) LUT4(1) CARRY8(1) CARRY8(1) CARRY8(1) CARRY8(65) LUT3(1) CARRY8(65) LUT4(1) CARRY8(1) CARRY8(1) CARRY8(1) CARRY8(65) LUT3(1) CARRY8(65) LUT4(1) CARRY8(1) CARRY8(1) CARRY8(1) CARRY8(66) LUT3(1) CARRY8(67) LUT4(1) CARRY8(1) CARRY8(1) CARRY8(1) CARRY8(67) LUT3(1) CARRY8(58) LUT4(2) LUT6(10) LUT6(1) FDRE","{bd_0_i/hls_inst/inst/k2_stats_U0/ap_enable_reg_pp0_iter2_reg/C --> bd_0_i/hls_inst/inst/k2_stats_U0/sum_abs4_fu_200_reg[1]/D}"
"ap_clk","-3.642","10.000","-0.011","0.035","13.623","6.478","7.145","59","19","14 (*)","28","-1.038","3.331","FDRE(71) LUT6(1) CARRY8(1) CARRY8(1) CARRY8(1) CARRY8(65) LUT3(1) CARRY8(65) LUT4(1) CARRY8(1) CARRY8(1) CARRY8(1) CARRY8(65) LUT3(1) CARRY8(65) LUT4(1) CARRY8(1) CARRY8(1) CARRY8(1) CARRY8(66) LUT3(1) CARRY8(66) LUT4(1) CARRY8(1) CARRY8(1) CARRY8(1) CARRY8(67) LUT3(1) CARRY8(67) LUT4(1) CARRY8(1) CARRY8(1) CARRY8(1) CARRY8(65) LUT3(1) CARRY8(65) LUT4(1) CARRY8(1) CARRY8(1) CARRY8(1) CARRY8(65) LUT3(1) CARRY8(65) LUT4(1) CARRY8(1) CARRY8(1) CARRY8(1) CARRY8(66) LUT3(1) CARRY8(67) LUT4(1) CARRY8(1) CARRY8(1) CARRY8(1) CARRY8(67) LUT3(1) CARRY8(58) LUT4(2) LUT6(10) LUT6(1) FDRE","{bd_0_i/hls_inst/inst/k2_stats_U0/ap_enable_reg_pp0_iter2_reg/C --> bd_0_i/hls_inst/inst/k2_stats_U0/sum_abs4_fu_200_reg[2]/D}"
"ap_clk","-3.642","10.000","-0.011","0.035","13.623","6.478","7.145","59","19","14 (*)","28","-1.038","3.331","FDRE(71) LUT6(1) CARRY8(1) CARRY8(1) CARRY8(1) CARRY8(65) LUT3(1) CARRY8(65) LUT4(1) CARRY8(1) CARRY8(1) CARRY8(1) CARRY8(65) LUT3(1) CARRY8(65) LUT4(1) CARRY8(1) CARRY8(1) CARRY8(1) CARRY8(66) LUT3(1) CARRY8(66) LUT4(1) CARRY8(1) CARRY8(1) CARRY8(1) CARRY8(67) LUT3(1) CARRY8(67) LUT4(1) CARRY8(1) CARRY8(1) CARRY8(1) CARRY8(65) LUT3(1) CARRY8(65) LUT4(1) CARRY8(1) CARRY8(1) CARRY8(1) CARRY8(65) LUT3(1) CARRY8(65) LUT4(1) CARRY8(1) CARRY8(1) CARRY8(1) CARRY8(66) LUT3(1) CARRY8(67) LUT4(1) CARRY8(1) CARRY8(1) CARRY8(1) CARRY8(67) LUT3(1) CARRY8(58) LUT4(2) LUT6(10) LUT6(1) FDRE","{bd_0_i/hls_inst/inst/k2_stats_U0/ap_enable_reg_pp0_iter2_reg/C --> bd_0_i/hls_inst/inst/k2_stats_U0/sum_abs4_fu_200_reg[3]/D}"
"ap_clk","-3.642","10.000","-0.011","0.035","13.623","6.478","7.145","59","19","14 (*)","28","-1.038","3.331","FDRE(71) LUT6(1) CARRY8(1) CARRY8(1) CARRY8(1) CARRY8(65) LUT3(1) CARRY8(65) LUT4(1) CARRY8(1) CARRY8(1) CARRY8(1) CARRY8(65) LUT3(1) CARRY8(65) LUT4(1) CARRY8(1) CARRY8(1) CARRY8(1) CARRY8(66) LUT3(1) CARRY8(66) LUT4(1) CARRY8(1) CARRY8(1) CARRY8(1) CARRY8(67) LUT3(1) CARRY8(67) LUT4(1) CARRY8(1) CARRY8(1) CARRY8(1) CARRY8(65) LUT3(1) CARRY8(65) LUT4(1) CARRY8(1) CARRY8(1) CARRY8(1) CARRY8(65) LUT3(1) CARRY8(65) LUT4(1) CARRY8(1) CARRY8(1) CARRY8(1) CARRY8(66) LUT3(1) CARRY8(67) LUT4(1) CARRY8(1) CARRY8(1) CARRY8(1) CARRY8(67) LUT3(1) CARRY8(58) LUT4(2) LUT6(10) LUT6(1) FDRE","{bd_0_i/hls_inst/inst/k2_stats_U0/ap_enable_reg_pp0_iter2_reg/C --> bd_0_i/hls_inst/inst/k2_stats_U0/sum_abs4_fu_200_reg[4]/D}"
"ap_clk","-3.642","10.000","-0.011","0.035","13.623","6.478","7.145","59","19","14 (*)","28","-1.038","3.331","FDRE(71) LUT6(1) CARRY8(1) CARRY8(1) CARRY8(1) CARRY8(65) LUT3(1) CARRY8(65) LUT4(1) CARRY8(1) CARRY8(1) CARRY8(1) CARRY8(65) LUT3(1) CARRY8(65) LUT4(1) CARRY8(1) CARRY8(1) CARRY8(1) CARRY8(66) LUT3(1) CARRY8(66) LUT4(1) CARRY8(1) CARRY8(1) CARRY8(1) CARRY8(67) LUT3(1) CARRY8(67) LUT4(1) CARRY8(1) CARRY8(1) CARRY8(1) CARRY8(65) LUT3(1) CARRY8(65) LUT4(1) CARRY8(1) CARRY8(1) CARRY8(1) CARRY8(65) LUT3(1) CARRY8(65) LUT4(1) CARRY8(1) CARRY8(1) CARRY8(1) CARRY8(66) LUT3(1) CARRY8(67) LUT4(1) CARRY8(1) CARRY8(1) CARRY8(1) CARRY8(67) LUT3(1) CARRY8(58) LUT4(2) LUT6(10) LUT6(1) FDRE","{bd_0_i/hls_inst/inst/k2_stats_U0/ap_enable_reg_pp0_iter2_reg/C --> bd_0_i/hls_inst/inst/k2_stats_U0/sum_abs4_fu_200_reg[5]/D}"
"ap_clk","-3.642","10.000","-0.011","0.035","13.623","6.478","7.145","59","19","14 (*)","28","-1.038","3.331","FDRE(71) LUT6(1) CARRY8(1) CARRY8(1) CARRY8(1) CARRY8(65) LUT3(1) CARRY8(65) LUT4(1) CARRY8(1) CARRY8(1) CARRY8(1) CARRY8(65) LUT3(1) CARRY8(65) LUT4(1) CARRY8(1) CARRY8(1) CARRY8(1) CARRY8(66) LUT3(1) CARRY8(66) LUT4(1) CARRY8(1) CARRY8(1) CARRY8(1) CARRY8(67) LUT3(1) CARRY8(67) LUT4(1) CARRY8(1) CARRY8(1) CARRY8(1) CARRY8(65) LUT3(1) CARRY8(65) LUT4(1) CARRY8(1) CARRY8(1) CARRY8(1) CARRY8(65) LUT3(1) CARRY8(65) LUT4(1) CARRY8(1) CARRY8(1) CARRY8(1) CARRY8(66) LUT3(1) CARRY8(67) LUT4(1) CARRY8(1) CARRY8(1) CARRY8(1) CARRY8(67) LUT3(1) CARRY8(58) LUT4(2) LUT6(10) LUT6(1) FDRE","{bd_0_i/hls_inst/inst/k2_stats_U0/ap_enable_reg_pp0_iter2_reg/C --> bd_0_i/hls_inst/inst/k2_stats_U0/sum_abs4_fu_200_reg[6]/D}"
"ap_clk","-3.642","10.000","-0.011","0.035","13.623","6.478","7.145","59","19","14 (*)","28","-1.038","3.331","FDRE(71) LUT6(1) CARRY8(1) CARRY8(1) CARRY8(1) CARRY8(65) LUT3(1) CARRY8(65) LUT4(1) CARRY8(1) CARRY8(1) CARRY8(1) CARRY8(65) LUT3(1) CARRY8(65) LUT4(1) CARRY8(1) CARRY8(1) CARRY8(1) CARRY8(66) LUT3(1) CARRY8(66) LUT4(1) CARRY8(1) CARRY8(1) CARRY8(1) CARRY8(67) LUT3(1) CARRY8(67) LUT4(1) CARRY8(1) CARRY8(1) CARRY8(1) CARRY8(65) LUT3(1) CARRY8(65) LUT4(1) CARRY8(1) CARRY8(1) CARRY8(1) CARRY8(65) LUT3(1) CARRY8(65) LUT4(1) CARRY8(1) CARRY8(1) CARRY8(1) CARRY8(66) LUT3(1) CARRY8(67) LUT4(1) CARRY8(1) CARRY8(1) CARRY8(1) CARRY8(67) LUT3(1) CARRY8(58) LUT4(2) LUT6(10) LUT6(1) FDRE","{bd_0_i/hls_inst/inst/k2_stats_U0/ap_enable_reg_pp0_iter2_reg/C --> bd_0_i/hls_inst/inst/k2_stats_U0/sum_abs4_fu_200_reg[7]/D}"
"ap_clk","-3.642","10.000","-0.011","0.035","13.623","6.478","7.145","59","19","14 (*)","28","-1.038","3.331","FDRE(71) LUT6(1) CARRY8(1) CARRY8(1) CARRY8(1) CARRY8(65) LUT3(1) CARRY8(65) LUT4(1) CARRY8(1) CARRY8(1) CARRY8(1) CARRY8(65) LUT3(1) CARRY8(65) LUT4(1) CARRY8(1) CARRY8(1) CARRY8(1) CARRY8(66) LUT3(1) CARRY8(66) LUT4(1) CARRY8(1) CARRY8(1) CARRY8(1) CARRY8(67) LUT3(1) CARRY8(67) LUT4(1) CARRY8(1) CARRY8(1) CARRY8(1) CARRY8(65) LUT3(1) CARRY8(65) LUT4(1) CARRY8(1) CARRY8(1) CARRY8(1) CARRY8(65) LUT3(1) CARRY8(65) LUT4(1) CARRY8(1) CARRY8(1) CARRY8(1) CARRY8(66) LUT3(1) CARRY8(67) LUT4(1) CARRY8(1) CARRY8(1) CARRY8(1) CARRY8(67) LUT3(1) CARRY8(58) LUT4(2) LUT6(10) LUT6(1) FDRE","{bd_0_i/hls_inst/inst/k2_stats_U0/ap_enable_reg_pp0_iter2_reg/C --> bd_0_i/hls_inst/inst/k2_stats_U0/sum_abs4_fu_200_reg[8]/D}"
"ap_clk","-3.161","10.000","-0.011","0.035","13.142","6.456","6.686","57","17","14 (*)","28","-0.538","4.031","FDRE(71) LUT6(1) CARRY8(1) CARRY8(1) CARRY8(1) CARRY8(65) LUT3(1) CARRY8(65) LUT4(1) CARRY8(1) CARRY8(1) CARRY8(1) CARRY8(65) LUT3(1) CARRY8(65) LUT4(1) CARRY8(1) CARRY8(1) CARRY8(1) CARRY8(66) LUT3(1) CARRY8(66) LUT4(1) CARRY8(1) CARRY8(1) CARRY8(1) CARRY8(67) LUT3(1) CARRY8(67) LUT4(1) CARRY8(1) CARRY8(1) CARRY8(1) CARRY8(65) LUT3(1) CARRY8(65) LUT4(1) CARRY8(1) CARRY8(1) CARRY8(1) CARRY8(65) LUT3(1) CARRY8(65) LUT4(1) CARRY8(1) CARRY8(1) CARRY8(1) CARRY8(66) LUT3(1) CARRY8(67) LUT4(1) CARRY8(1) CARRY8(1) CARRY8(1) CARRY8(67) LUT3(1) CARRY8(58) LUT3(1) FDRE","{bd_0_i/hls_inst/inst/k2_stats_U0/ap_enable_reg_pp0_iter2_reg/C --> bd_0_i/hls_inst/inst/k2_stats_U0/sum_abs4_fu_200_reg[10]/D}"
"ap_clk","-3.161","10.000","-0.011","0.035","13.142","6.456","6.686","57","17","14 (*)","28","-0.538","4.031","FDRE(71) LUT6(1) CARRY8(1) CARRY8(1) CARRY8(1) CARRY8(65) LUT3(1) CARRY8(65) LUT4(1) CARRY8(1) CARRY8(1) CARRY8(1) CARRY8(65) LUT3(1) CARRY8(65) LUT4(1) CARRY8(1) CARRY8(1) CARRY8(1) CARRY8(66) LUT3(1) CARRY8(66) LUT4(1) CARRY8(1) CARRY8(1) CARRY8(1) CARRY8(67) LUT3(1) CARRY8(67) LUT4(1) CARRY8(1) CARRY8(1) CARRY8(1) CARRY8(65) LUT3(1) CARRY8(65) LUT4(1) CARRY8(1) CARRY8(1) CARRY8(1) CARRY8(65) LUT3(1) CARRY8(65) LUT4(1) CARRY8(1) CARRY8(1) CARRY8(1) CARRY8(66) LUT3(1) CARRY8(67) LUT4(1) CARRY8(1) CARRY8(1) CARRY8(1) CARRY8(67) LUT3(1) CARRY8(58) LUT3(1) FDRE","{bd_0_i/hls_inst/inst/k2_stats_U0/ap_enable_reg_pp0_iter2_reg/C --> bd_0_i/hls_inst/inst/k2_stats_U0/sum_abs4_fu_200_reg[11]/D}"
"ap_clk","-3.161","10.000","-0.011","0.035","13.142","6.456","6.686","57","17","14 (*)","28","-0.538","4.031","FDRE(71) LUT6(1) CARRY8(1) CARRY8(1) CARRY8(1) CARRY8(65) LUT3(1) CARRY8(65) LUT4(1) CARRY8(1) CARRY8(1) CARRY8(1) CARRY8(65) LUT3(1) CARRY8(65) LUT4(1) CARRY8(1) CARRY8(1) CARRY8(1) CARRY8(66) LUT3(1) CARRY8(66) LUT4(1) CARRY8(1) CARRY8(1) CARRY8(1) CARRY8(67) LUT3(1) CARRY8(67) LUT4(1) CARRY8(1) CARRY8(1) CARRY8(1) CARRY8(65) LUT3(1) CARRY8(65) LUT4(1) CARRY8(1) CARRY8(1) CARRY8(1) CARRY8(65) LUT3(1) CARRY8(65) LUT4(1) CARRY8(1) CARRY8(1) CARRY8(1) CARRY8(66) LUT3(1) CARRY8(67) LUT4(1) CARRY8(1) CARRY8(1) CARRY8(1) CARRY8(67) LUT3(1) CARRY8(58) LUT3(1) FDRE","{bd_0_i/hls_inst/inst/k2_stats_U0/ap_enable_reg_pp0_iter2_reg/C --> bd_0_i/hls_inst/inst/k2_stats_U0/sum_abs4_fu_200_reg[12]/D}"
"ap_clk","-3.161","10.000","-0.011","0.035","13.142","6.456","6.686","57","17","14 (*)","28","-0.538","4.031","FDRE(71) LUT6(1) CARRY8(1) CARRY8(1) CARRY8(1) CARRY8(65) LUT3(1) CARRY8(65) LUT4(1) CARRY8(1) CARRY8(1) CARRY8(1) CARRY8(65) LUT3(1) CARRY8(65) LUT4(1) CARRY8(1) CARRY8(1) CARRY8(1) CARRY8(66) LUT3(1) CARRY8(66) LUT4(1) CARRY8(1) CARRY8(1) CARRY8(1) CARRY8(67) LUT3(1) CARRY8(67) LUT4(1) CARRY8(1) CARRY8(1) CARRY8(1) CARRY8(65) LUT3(1) CARRY8(65) LUT4(1) CARRY8(1) CARRY8(1) CARRY8(1) CARRY8(65) LUT3(1) CARRY8(65) LUT4(1) CARRY8(1) CARRY8(1) CARRY8(1) CARRY8(66) LUT3(1) CARRY8(67) LUT4(1) CARRY8(1) CARRY8(1) CARRY8(1) CARRY8(67) LUT3(1) CARRY8(58) LUT3(1) FDRE","{bd_0_i/hls_inst/inst/k2_stats_U0/ap_enable_reg_pp0_iter2_reg/C --> bd_0_i/hls_inst/inst/k2_stats_U0/sum_abs4_fu_200_reg[13]/D}"
"ap_clk","-3.161","10.000","-0.011","0.035","13.142","6.456","6.686","57","17","14 (*)","28","-0.538","4.031","FDRE(71) LUT6(1) CARRY8(1) CARRY8(1) CARRY8(1) CARRY8(65) LUT3(1) CARRY8(65) LUT4(1) CARRY8(1) CARRY8(1) CARRY8(1) CARRY8(65) LUT3(1) CARRY8(65) LUT4(1) CARRY8(1) CARRY8(1) CARRY8(1) CARRY8(66) LUT3(1) CARRY8(66) LUT4(1) CARRY8(1) CARRY8(1) CARRY8(1) CARRY8(67) LUT3(1) CARRY8(67) LUT4(1) CARRY8(1) CARRY8(1) CARRY8(1) CARRY8(65) LUT3(1) CARRY8(65) LUT4(1) CARRY8(1) CARRY8(1) CARRY8(1) CARRY8(65) LUT3(1) CARRY8(65) LUT4(1) CARRY8(1) CARRY8(1) CARRY8(1) CARRY8(66) LUT3(1) CARRY8(67) LUT4(1) CARRY8(1) CARRY8(1) CARRY8(1) CARRY8(67) LUT3(1) CARRY8(58) LUT3(1) FDRE","{bd_0_i/hls_inst/inst/k2_stats_U0/ap_enable_reg_pp0_iter2_reg/C --> bd_0_i/hls_inst/inst/k2_stats_U0/sum_abs4_fu_200_reg[14]/D}"
"ap_clk","-3.161","10.000","-0.011","0.035","13.142","6.456","6.686","57","17","14 (*)","28","-0.538","4.031","FDRE(71) LUT6(1) CARRY8(1) CARRY8(1) CARRY8(1) CARRY8(65) LUT3(1) CARRY8(65) LUT4(1) CARRY8(1) CARRY8(1) CARRY8(1) CARRY8(65) LUT3(1) CARRY8(65) LUT4(1) CARRY8(1) CARRY8(1) CARRY8(1) CARRY8(66) LUT3(1) CARRY8(66) LUT4(1) CARRY8(1) CARRY8(1) CARRY8(1) CARRY8(67) LUT3(1) CARRY8(67) LUT4(1) CARRY8(1) CARRY8(1) CARRY8(1) CARRY8(65) LUT3(1) CARRY8(65) LUT4(1) CARRY8(1) CARRY8(1) CARRY8(1) CARRY8(65) LUT3(1) CARRY8(65) LUT4(1) CARRY8(1) CARRY8(1) CARRY8(1) CARRY8(66) LUT3(1) CARRY8(67) LUT4(1) CARRY8(1) CARRY8(1) CARRY8(1) CARRY8(67) LUT3(1) CARRY8(58) LUT3(1) FDRE","{bd_0_i/hls_inst/inst/k2_stats_U0/ap_enable_reg_pp0_iter2_reg/C --> bd_0_i/hls_inst/inst/k2_stats_U0/sum_abs4_fu_200_reg[15]/D}"
"ap_clk","-3.161","10.000","-0.011","0.035","13.142","6.456","6.686","57","17","14 (*)","28","-0.538","4.031","FDRE(71) LUT6(1) CARRY8(1) CARRY8(1) CARRY8(1) CARRY8(65) LUT3(1) CARRY8(65) LUT4(1) CARRY8(1) CARRY8(1) CARRY8(1) CARRY8(65) LUT3(1) CARRY8(65) LUT4(1) CARRY8(1) CARRY8(1) CARRY8(1) CARRY8(66) LUT3(1) CARRY8(66) LUT4(1) CARRY8(1) CARRY8(1) CARRY8(1) CARRY8(67) LUT3(1) CARRY8(67) LUT4(1) CARRY8(1) CARRY8(1) CARRY8(1) CARRY8(65) LUT3(1) CARRY8(65) LUT4(1) CARRY8(1) CARRY8(1) CARRY8(1) CARRY8(65) LUT3(1) CARRY8(65) LUT4(1) CARRY8(1) CARRY8(1) CARRY8(1) CARRY8(66) LUT3(1) CARRY8(67) LUT4(1) CARRY8(1) CARRY8(1) CARRY8(1) CARRY8(67) LUT3(1) CARRY8(58) LUT3(1) FDRE","{bd_0_i/hls_inst/inst/k2_stats_U0/ap_enable_reg_pp0_iter2_reg/C --> bd_0_i/hls_inst/inst/k2_stats_U0/sum_abs4_fu_200_reg[16]/D}"
"ap_clk","-3.161","10.000","-0.011","0.035","13.142","6.456","6.686","57","17","14 (*)","28","-0.538","4.031","FDRE(71) LUT6(1) CARRY8(1) CARRY8(1) CARRY8(1) CARRY8(65) LUT3(1) CARRY8(65) LUT4(1) CARRY8(1) CARRY8(1) CARRY8(1) CARRY8(65) LUT3(1) CARRY8(65) LUT4(1) CARRY8(1) CARRY8(1) CARRY8(1) CARRY8(66) LUT3(1) CARRY8(66) LUT4(1) CARRY8(1) CARRY8(1) CARRY8(1) CARRY8(67) LUT3(1) CARRY8(67) LUT4(1) CARRY8(1) CARRY8(1) CARRY8(1) CARRY8(65) LUT3(1) CARRY8(65) LUT4(1) CARRY8(1) CARRY8(1) CARRY8(1) CARRY8(65) LUT3(1) CARRY8(65) LUT4(1) CARRY8(1) CARRY8(1) CARRY8(1) CARRY8(66) LUT3(1) CARRY8(67) LUT4(1) CARRY8(1) CARRY8(1) CARRY8(1) CARRY8(67) LUT3(1) CARRY8(58) LUT3(1) FDRE","{bd_0_i/hls_inst/inst/k2_stats_U0/ap_enable_reg_pp0_iter2_reg/C --> bd_0_i/hls_inst/inst/k2_stats_U0/sum_abs4_fu_200_reg[17]/D}"
"ap_clk","-3.161","10.000","-0.011","0.035","13.142","6.456","6.686","57","17","14 (*)","28","-0.538","4.031","FDRE(71) LUT6(1) CARRY8(1) CARRY8(1) CARRY8(1) CARRY8(65) LUT3(1) CARRY8(65) LUT4(1) CARRY8(1) CARRY8(1) CARRY8(1) CARRY8(65) LUT3(1) CARRY8(65) LUT4(1) CARRY8(1) CARRY8(1) CARRY8(1) CARRY8(66) LUT3(1) CARRY8(66) LUT4(1) CARRY8(1) CARRY8(1) CARRY8(1) CARRY8(67) LUT3(1) CARRY8(67) LUT4(1) CARRY8(1) CARRY8(1) CARRY8(1) CARRY8(65) LUT3(1) CARRY8(65) LUT4(1) CARRY8(1) CARRY8(1) CARRY8(1) CARRY8(65) LUT3(1) CARRY8(65) LUT4(1) CARRY8(1) CARRY8(1) CARRY8(1) CARRY8(66) LUT3(1) CARRY8(67) LUT4(1) CARRY8(1) CARRY8(1) CARRY8(1) CARRY8(67) LUT3(1) CARRY8(58) LUT3(1) FDRE","{bd_0_i/hls_inst/inst/k2_stats_U0/ap_enable_reg_pp0_iter2_reg/C --> bd_0_i/hls_inst/inst/k2_stats_U0/sum_abs4_fu_200_reg[18]/D}"
"ap_clk","-3.161","10.000","-0.011","0.035","13.142","6.456","6.686","57","17","14 (*)","28","-0.538","4.031","FDRE(71) LUT6(1) CARRY8(1) CARRY8(1) CARRY8(1) CARRY8(65) LUT3(1) CARRY8(65) LUT4(1) CARRY8(1) CARRY8(1) CARRY8(1) CARRY8(65) LUT3(1) CARRY8(65) LUT4(1) CARRY8(1) CARRY8(1) CARRY8(1) CARRY8(66) LUT3(1) CARRY8(66) LUT4(1) CARRY8(1) CARRY8(1) CARRY8(1) CARRY8(67) LUT3(1) CARRY8(67) LUT4(1) CARRY8(1) CARRY8(1) CARRY8(1) CARRY8(65) LUT3(1) CARRY8(65) LUT4(1) CARRY8(1) CARRY8(1) CARRY8(1) CARRY8(65) LUT3(1) CARRY8(65) LUT4(1) CARRY8(1) CARRY8(1) CARRY8(1) CARRY8(66) LUT3(1) CARRY8(67) LUT4(1) CARRY8(1) CARRY8(1) CARRY8(1) CARRY8(67) LUT3(1) CARRY8(58) LUT3(1) FDRE","{bd_0_i/hls_inst/inst/k2_stats_U0/ap_enable_reg_pp0_iter2_reg/C --> bd_0_i/hls_inst/inst/k2_stats_U0/sum_abs4_fu_200_reg[19]/D}"
"ap_clk","-3.161","10.000","-0.011","0.035","13.142","6.456","6.686","57","17","14 (*)","28","-0.538","4.031","FDRE(71) LUT6(1) CARRY8(1) CARRY8(1) CARRY8(1) CARRY8(65) LUT3(1) CARRY8(65) LUT4(1) CARRY8(1) CARRY8(1) CARRY8(1) CARRY8(65) LUT3(1) CARRY8(65) LUT4(1) CARRY8(1) CARRY8(1) CARRY8(1) CARRY8(66) LUT3(1) CARRY8(66) LUT4(1) CARRY8(1) CARRY8(1) CARRY8(1) CARRY8(67) LUT3(1) CARRY8(67) LUT4(1) CARRY8(1) CARRY8(1) CARRY8(1) CARRY8(65) LUT3(1) CARRY8(65) LUT4(1) CARRY8(1) CARRY8(1) CARRY8(1) CARRY8(65) LUT3(1) CARRY8(65) LUT4(1) CARRY8(1) CARRY8(1) CARRY8(1) CARRY8(66) LUT3(1) CARRY8(67) LUT4(1) CARRY8(1) CARRY8(1) CARRY8(1) CARRY8(67) LUT3(1) CARRY8(58) LUT3(1) FDRE","{bd_0_i/hls_inst/inst/k2_stats_U0/ap_enable_reg_pp0_iter2_reg/C --> bd_0_i/hls_inst/inst/k2_stats_U0/sum_abs4_fu_200_reg[20]/D}"
"ap_clk","-3.161","10.000","-0.011","0.035","13.142","6.456","6.686","57","17","14 (*)","28","-0.538","4.031","FDRE(71) LUT6(1) CARRY8(1) CARRY8(1) CARRY8(1) CARRY8(65) LUT3(1) CARRY8(65) LUT4(1) CARRY8(1) CARRY8(1) CARRY8(1) CARRY8(65) LUT3(1) CARRY8(65) LUT4(1) CARRY8(1) CARRY8(1) CARRY8(1) CARRY8(66) LUT3(1) CARRY8(66) LUT4(1) CARRY8(1) CARRY8(1) CARRY8(1) CARRY8(67) LUT3(1) CARRY8(67) LUT4(1) CARRY8(1) CARRY8(1) CARRY8(1) CARRY8(65) LUT3(1) CARRY8(65) LUT4(1) CARRY8(1) CARRY8(1) CARRY8(1) CARRY8(65) LUT3(1) CARRY8(65) LUT4(1) CARRY8(1) CARRY8(1) CARRY8(1) CARRY8(66) LUT3(1) CARRY8(67) LUT4(1) CARRY8(1) CARRY8(1) CARRY8(1) CARRY8(67) LUT3(1) CARRY8(58) LUT3(1) FDRE","{bd_0_i/hls_inst/inst/k2_stats_U0/ap_enable_reg_pp0_iter2_reg/C --> bd_0_i/hls_inst/inst/k2_stats_U0/sum_abs4_fu_200_reg[21]/D}"
"ap_clk","-3.161","10.000","-0.011","0.035","13.142","6.456","6.686","57","17","14 (*)","28","-0.538","4.031","FDRE(71) LUT6(1) CARRY8(1) CARRY8(1) CARRY8(1) CARRY8(65) LUT3(1) CARRY8(65) LUT4(1) CARRY8(1) CARRY8(1) CARRY8(1) CARRY8(65) LUT3(1) CARRY8(65) LUT4(1) CARRY8(1) CARRY8(1) CARRY8(1) CARRY8(66) LUT3(1) CARRY8(66) LUT4(1) CARRY8(1) CARRY8(1) CARRY8(1) CARRY8(67) LUT3(1) CARRY8(67) LUT4(1) CARRY8(1) CARRY8(1) CARRY8(1) CARRY8(65) LUT3(1) CARRY8(65) LUT4(1) CARRY8(1) CARRY8(1) CARRY8(1) CARRY8(65) LUT3(1) CARRY8(65) LUT4(1) CARRY8(1) CARRY8(1) CARRY8(1) CARRY8(66) LUT3(1) CARRY8(67) LUT4(1) CARRY8(1) CARRY8(1) CARRY8(1) CARRY8(67) LUT3(1) CARRY8(58) LUT3(1) FDRE","{bd_0_i/hls_inst/inst/k2_stats_U0/ap_enable_reg_pp0_iter2_reg/C --> bd_0_i/hls_inst/inst/k2_stats_U0/sum_abs4_fu_200_reg[22]/D}"
"ap_clk","-3.161","10.000","-0.011","0.035","13.142","6.456","6.686","57","17","14 (*)","28","-0.538","4.031","FDRE(71) LUT6(1) CARRY8(1) CARRY8(1) CARRY8(1) CARRY8(65) LUT3(1) CARRY8(65) LUT4(1) CARRY8(1) CARRY8(1) CARRY8(1) CARRY8(65) LUT3(1) CARRY8(65) LUT4(1) CARRY8(1) CARRY8(1) CARRY8(1) CARRY8(66) LUT3(1) CARRY8(66) LUT4(1) CARRY8(1) CARRY8(1) CARRY8(1) CARRY8(67) LUT3(1) CARRY8(67) LUT4(1) CARRY8(1) CARRY8(1) CARRY8(1) CARRY8(65) LUT3(1) CARRY8(65) LUT4(1) CARRY8(1) CARRY8(1) CARRY8(1) CARRY8(65) LUT3(1) CARRY8(65) LUT4(1) CARRY8(1) CARRY8(1) CARRY8(1) CARRY8(66) LUT3(1) CARRY8(67) LUT4(1) CARRY8(1) CARRY8(1) CARRY8(1) CARRY8(67) LUT3(1) CARRY8(58) LUT3(1) FDRE","{bd_0_i/hls_inst/inst/k2_stats_U0/ap_enable_reg_pp0_iter2_reg/C --> bd_0_i/hls_inst/inst/k2_stats_U0/sum_abs4_fu_200_reg[23]/D}"
"ap_clk","-3.161","10.000","-0.011","0.035","13.142","6.456","6.686","57","17","14 (*)","28","-0.538","4.031","FDRE(71) LUT6(1) CARRY8(1) CARRY8(1) CARRY8(1) CARRY8(65) LUT3(1) CARRY8(65) LUT4(1) CARRY8(1) CARRY8(1) CARRY8(1) CARRY8(65) LUT3(1) CARRY8(65) LUT4(1) CARRY8(1) CARRY8(1) CARRY8(1) CARRY8(66) LUT3(1) CARRY8(66) LUT4(1) CARRY8(1) CARRY8(1) CARRY8(1) CARRY8(67) LUT3(1) CARRY8(67) LUT4(1) CARRY8(1) CARRY8(1) CARRY8(1) CARRY8(65) LUT3(1) CARRY8(65) LUT4(1) CARRY8(1) CARRY8(1) CARRY8(1) CARRY8(65) LUT3(1) CARRY8(65) LUT4(1) CARRY8(1) CARRY8(1) CARRY8(1) CARRY8(66) LUT3(1) CARRY8(67) LUT4(1) CARRY8(1) CARRY8(1) CARRY8(1) CARRY8(67) LUT3(1) CARRY8(58) LUT3(1) FDRE","{bd_0_i/hls_inst/inst/k2_stats_U0/ap_enable_reg_pp0_iter2_reg/C --> bd_0_i/hls_inst/inst/k2_stats_U0/sum_abs4_fu_200_reg[24]/D}"
"ap_clk","-3.161","10.000","-0.011","0.035","13.142","6.456","6.686","57","17","14 (*)","28","-0.538","4.031","FDRE(71) LUT6(1) CARRY8(1) CARRY8(1) CARRY8(1) CARRY8(65) LUT3(1) CARRY8(65) LUT4(1) CARRY8(1) CARRY8(1) CARRY8(1) CARRY8(65) LUT3(1) CARRY8(65) LUT4(1) CARRY8(1) CARRY8(1) CARRY8(1) CARRY8(66) LUT3(1) CARRY8(66) LUT4(1) CARRY8(1) CARRY8(1) CARRY8(1) CARRY8(67) LUT3(1) CARRY8(67) LUT4(1) CARRY8(1) CARRY8(1) CARRY8(1) CARRY8(65) LUT3(1) CARRY8(65) LUT4(1) CARRY8(1) CARRY8(1) CARRY8(1) CARRY8(65) LUT3(1) CARRY8(65) LUT4(1) CARRY8(1) CARRY8(1) CARRY8(1) CARRY8(66) LUT3(1) CARRY8(67) LUT4(1) CARRY8(1) CARRY8(1) CARRY8(1) CARRY8(67) LUT3(1) CARRY8(58) LUT3(1) FDRE","{bd_0_i/hls_inst/inst/k2_stats_U0/ap_enable_reg_pp0_iter2_reg/C --> bd_0_i/hls_inst/inst/k2_stats_U0/sum_abs4_fu_200_reg[25]/D}"
"ap_clk","-3.161","10.000","-0.011","0.035","13.142","6.456","6.686","57","17","14 (*)","28","-0.538","4.031","FDRE(71) LUT6(1) CARRY8(1) CARRY8(1) CARRY8(1) CARRY8(65) LUT3(1) CARRY8(65) LUT4(1) CARRY8(1) CARRY8(1) CARRY8(1) CARRY8(65) LUT3(1) CARRY8(65) LUT4(1) CARRY8(1) CARRY8(1) CARRY8(1) CARRY8(66) LUT3(1) CARRY8(66) LUT4(1) CARRY8(1) CARRY8(1) CARRY8(1) CARRY8(67) LUT3(1) CARRY8(67) LUT4(1) CARRY8(1) CARRY8(1) CARRY8(1) CARRY8(65) LUT3(1) CARRY8(65) LUT4(1) CARRY8(1) CARRY8(1) CARRY8(1) CARRY8(65) LUT3(1) CARRY8(65) LUT4(1) CARRY8(1) CARRY8(1) CARRY8(1) CARRY8(66) LUT3(1) CARRY8(67) LUT4(1) CARRY8(1) CARRY8(1) CARRY8(1) CARRY8(67) LUT3(1) CARRY8(58) LUT3(1) FDRE","{bd_0_i/hls_inst/inst/k2_stats_U0/ap_enable_reg_pp0_iter2_reg/C --> bd_0_i/hls_inst/inst/k2_stats_U0/sum_abs4_fu_200_reg[26]/D}"
"ap_clk","-3.161","10.000","-0.011","0.035","13.142","6.456","6.686","57","17","14 (*)","28","-0.538","4.031","FDRE(71) LUT6(1) CARRY8(1) CARRY8(1) CARRY8(1) CARRY8(65) LUT3(1) CARRY8(65) LUT4(1) CARRY8(1) CARRY8(1) CARRY8(1) CARRY8(65) LUT3(1) CARRY8(65) LUT4(1) CARRY8(1) CARRY8(1) CARRY8(1) CARRY8(66) LUT3(1) CARRY8(66) LUT4(1) CARRY8(1) CARRY8(1) CARRY8(1) CARRY8(67) LUT3(1) CARRY8(67) LUT4(1) CARRY8(1) CARRY8(1) CARRY8(1) CARRY8(65) LUT3(1) CARRY8(65) LUT4(1) CARRY8(1) CARRY8(1) CARRY8(1) CARRY8(65) LUT3(1) CARRY8(65) LUT4(1) CARRY8(1) CARRY8(1) CARRY8(1) CARRY8(66) LUT3(1) CARRY8(67) LUT4(1) CARRY8(1) CARRY8(1) CARRY8(1) CARRY8(67) LUT3(1) CARRY8(58) LUT3(1) FDRE","{bd_0_i/hls_inst/inst/k2_stats_U0/ap_enable_reg_pp0_iter2_reg/C --> bd_0_i/hls_inst/inst/k2_stats_U0/sum_abs4_fu_200_reg[27]/D}"
"ap_clk","-3.161","10.000","-0.011","0.035","13.142","6.456","6.686","57","17","14 (*)","28","-0.538","4.031","FDRE(71) LUT6(1) CARRY8(1) CARRY8(1) CARRY8(1) CARRY8(65) LUT3(1) CARRY8(65) LUT4(1) CARRY8(1) CARRY8(1) CARRY8(1) CARRY8(65) LUT3(1) CARRY8(65) LUT4(1) CARRY8(1) CARRY8(1) CARRY8(1) CARRY8(66) LUT3(1) CARRY8(66) LUT4(1) CARRY8(1) CARRY8(1) CARRY8(1) CARRY8(67) LUT3(1) CARRY8(67) LUT4(1) CARRY8(1) CARRY8(1) CARRY8(1) CARRY8(65) LUT3(1) CARRY8(65) LUT4(1) CARRY8(1) CARRY8(1) CARRY8(1) CARRY8(65) LUT3(1) CARRY8(65) LUT4(1) CARRY8(1) CARRY8(1) CARRY8(1) CARRY8(66) LUT3(1) CARRY8(67) LUT4(1) CARRY8(1) CARRY8(1) CARRY8(1) CARRY8(67) LUT3(1) CARRY8(58) LUT3(1) FDRE","{bd_0_i/hls_inst/inst/k2_stats_U0/ap_enable_reg_pp0_iter2_reg/C --> bd_0_i/hls_inst/inst/k2_stats_U0/sum_abs4_fu_200_reg[28]/D}"
"ap_clk","-3.161","10.000","-0.011","0.035","13.142","6.456","6.686","57","17","14 (*)","28","-0.538","4.031","FDRE(71) LUT6(1) CARRY8(1) CARRY8(1) CARRY8(1) CARRY8(65) LUT3(1) CARRY8(65) LUT4(1) CARRY8(1) CARRY8(1) CARRY8(1) CARRY8(65) LUT3(1) CARRY8(65) LUT4(1) CARRY8(1) CARRY8(1) CARRY8(1) CARRY8(66) LUT3(1) CARRY8(66) LUT4(1) CARRY8(1) CARRY8(1) CARRY8(1) CARRY8(67) LUT3(1) CARRY8(67) LUT4(1) CARRY8(1) CARRY8(1) CARRY8(1) CARRY8(65) LUT3(1) CARRY8(65) LUT4(1) CARRY8(1) CARRY8(1) CARRY8(1) CARRY8(65) LUT3(1) CARRY8(65) LUT4(1) CARRY8(1) CARRY8(1) CARRY8(1) CARRY8(66) LUT3(1) CARRY8(67) LUT4(1) CARRY8(1) CARRY8(1) CARRY8(1) CARRY8(67) LUT3(1) CARRY8(58) LUT3(1) FDRE","{bd_0_i/hls_inst/inst/k2_stats_U0/ap_enable_reg_pp0_iter2_reg/C --> bd_0_i/hls_inst/inst/k2_stats_U0/sum_abs4_fu_200_reg[29]/D}"
"ap_clk","-3.161","10.000","-0.011","0.035","13.142","6.456","6.686","57","17","14 (*)","28","-0.538","4.031","FDRE(71) LUT6(1) CARRY8(1) CARRY8(1) CARRY8(1) CARRY8(65) LUT3(1) CARRY8(65) LUT4(1) CARRY8(1) CARRY8(1) CARRY8(1) CARRY8(65) LUT3(1) CARRY8(65) LUT4(1) CARRY8(1) CARRY8(1) CARRY8(1) CARRY8(66) LUT3(1) CARRY8(66) LUT4(1) CARRY8(1) CARRY8(1) CARRY8(1) CARRY8(67) LUT3(1) CARRY8(67) LUT4(1) CARRY8(1) CARRY8(1) CARRY8(1) CARRY8(65) LUT3(1) CARRY8(65) LUT4(1) CARRY8(1) CARRY8(1) CARRY8(1) CARRY8(65) LUT3(1) CARRY8(65) LUT4(1) CARRY8(1) CARRY8(1) CARRY8(1) CARRY8(66) LUT3(1) CARRY8(67) LUT4(1) CARRY8(1) CARRY8(1) CARRY8(1) CARRY8(67) LUT3(1) CARRY8(58) LUT3(1) FDRE","{bd_0_i/hls_inst/inst/k2_stats_U0/ap_enable_reg_pp0_iter2_reg/C --> bd_0_i/hls_inst/inst/k2_stats_U0/sum_abs4_fu_200_reg[30]/D}"
"ap_clk","-3.161","10.000","-0.011","0.035","13.142","6.456","6.686","57","17","14 (*)","28","-0.538","4.031","FDRE(71) LUT6(1) CARRY8(1) CARRY8(1) CARRY8(1) CARRY8(65) LUT3(1) CARRY8(65) LUT4(1) CARRY8(1) CARRY8(1) CARRY8(1) CARRY8(65) LUT3(1) CARRY8(65) LUT4(1) CARRY8(1) CARRY8(1) CARRY8(1) CARRY8(66) LUT3(1) CARRY8(66) LUT4(1) CARRY8(1) CARRY8(1) CARRY8(1) CARRY8(67) LUT3(1) CARRY8(67) LUT4(1) CARRY8(1) CARRY8(1) CARRY8(1) CARRY8(65) LUT3(1) CARRY8(65) LUT4(1) CARRY8(1) CARRY8(1) CARRY8(1) CARRY8(65) LUT3(1) CARRY8(65) LUT4(1) CARRY8(1) CARRY8(1) CARRY8(1) CARRY8(66) LUT3(1) CARRY8(67) LUT4(1) CARRY8(1) CARRY8(1) CARRY8(1) CARRY8(67) LUT3(1) CARRY8(58) LUT3(1) FDRE","{bd_0_i/hls_inst/inst/k2_stats_U0/ap_enable_reg_pp0_iter2_reg/C --> bd_0_i/hls_inst/inst/k2_stats_U0/sum_abs4_fu_200_reg[31]/D}"
"ap_clk","-3.161","10.000","-0.011","0.035","13.142","6.456","6.686","57","17","14 (*)","28","-0.538","4.031","FDRE(71) LUT6(1) CARRY8(1) CARRY8(1) CARRY8(1) CARRY8(65) LUT3(1) CARRY8(65) LUT4(1) CARRY8(1) CARRY8(1) CARRY8(1) CARRY8(65) LUT3(1) CARRY8(65) LUT4(1) CARRY8(1) CARRY8(1) CARRY8(1) CARRY8(66) LUT3(1) CARRY8(66) LUT4(1) CARRY8(1) CARRY8(1) CARRY8(1) CARRY8(67) LUT3(1) CARRY8(67) LUT4(1) CARRY8(1) CARRY8(1) CARRY8(1) CARRY8(65) LUT3(1) CARRY8(65) LUT4(1) CARRY8(1) CARRY8(1) CARRY8(1) CARRY8(65) LUT3(1) CARRY8(65) LUT4(1) CARRY8(1) CARRY8(1) CARRY8(1) CARRY8(66) LUT3(1) CARRY8(67) LUT4(1) CARRY8(1) CARRY8(1) CARRY8(1) CARRY8(67) LUT3(1) CARRY8(58) LUT3(1) FDRE","{bd_0_i/hls_inst/inst/k2_stats_U0/ap_enable_reg_pp0_iter2_reg/C --> bd_0_i/hls_inst/inst/k2_stats_U0/sum_abs4_fu_200_reg[32]/D}"
"ap_clk","-3.161","10.000","-0.011","0.035","13.142","6.456","6.686","57","17","14 (*)","28","-0.538","4.031","FDRE(71) LUT6(1) CARRY8(1) CARRY8(1) CARRY8(1) CARRY8(65) LUT3(1) CARRY8(65) LUT4(1) CARRY8(1) CARRY8(1) CARRY8(1) CARRY8(65) LUT3(1) CARRY8(65) LUT4(1) CARRY8(1) CARRY8(1) CARRY8(1) CARRY8(66) LUT3(1) CARRY8(66) LUT4(1) CARRY8(1) CARRY8(1) CARRY8(1) CARRY8(67) LUT3(1) CARRY8(67) LUT4(1) CARRY8(1) CARRY8(1) CARRY8(1) CARRY8(65) LUT3(1) CARRY8(65) LUT4(1) CARRY8(1) CARRY8(1) CARRY8(1) CARRY8(65) LUT3(1) CARRY8(65) LUT4(1) CARRY8(1) CARRY8(1) CARRY8(1) CARRY8(66) LUT3(1) CARRY8(67) LUT4(1) CARRY8(1) CARRY8(1) CARRY8(1) CARRY8(67) LUT3(1) CARRY8(58) LUT3(1) FDRE","{bd_0_i/hls_inst/inst/k2_stats_U0/ap_enable_reg_pp0_iter2_reg/C --> bd_0_i/hls_inst/inst/k2_stats_U0/sum_abs4_fu_200_reg[33]/D}"
"ap_clk","-3.161","10.000","-0.011","0.035","13.142","6.456","6.686","57","17","14 (*)","28","-0.538","4.031","FDRE(71) LUT6(1) CARRY8(1) CARRY8(1) CARRY8(1) CARRY8(65) LUT3(1) CARRY8(65) LUT4(1) CARRY8(1) CARRY8(1) CARRY8(1) CARRY8(65) LUT3(1) CARRY8(65) LUT4(1) CARRY8(1) CARRY8(1) CARRY8(1) CARRY8(66) LUT3(1) CARRY8(66) LUT4(1) CARRY8(1) CARRY8(1) CARRY8(1) CARRY8(67) LUT3(1) CARRY8(67) LUT4(1) CARRY8(1) CARRY8(1) CARRY8(1) CARRY8(65) LUT3(1) CARRY8(65) LUT4(1) CARRY8(1) CARRY8(1) CARRY8(1) CARRY8(65) LUT3(1) CARRY8(65) LUT4(1) CARRY8(1) CARRY8(1) CARRY8(1) CARRY8(66) LUT3(1) CARRY8(67) LUT4(1) CARRY8(1) CARRY8(1) CARRY8(1) CARRY8(67) LUT3(1) CARRY8(58) LUT3(1) FDRE","{bd_0_i/hls_inst/inst/k2_stats_U0/ap_enable_reg_pp0_iter2_reg/C --> bd_0_i/hls_inst/inst/k2_stats_U0/sum_abs4_fu_200_reg[34]/D}"
"ap_clk","-3.161","10.000","-0.011","0.035","13.142","6.456","6.686","57","17","14 (*)","28","-0.538","4.031","FDRE(71) LUT6(1) CARRY8(1) CARRY8(1) CARRY8(1) CARRY8(65) LUT3(1) CARRY8(65) LUT4(1) CARRY8(1) CARRY8(1) CARRY8(1) CARRY8(65) LUT3(1) CARRY8(65) LUT4(1) CARRY8(1) CARRY8(1) CARRY8(1) CARRY8(66) LUT3(1) CARRY8(66) LUT4(1) CARRY8(1) CARRY8(1) CARRY8(1) CARRY8(67) LUT3(1) CARRY8(67) LUT4(1) CARRY8(1) CARRY8(1) CARRY8(1) CARRY8(65) LUT3(1) CARRY8(65) LUT4(1) CARRY8(1) CARRY8(1) CARRY8(1) CARRY8(65) LUT3(1) CARRY8(65) LUT4(1) CARRY8(1) CARRY8(1) CARRY8(1) CARRY8(66) LUT3(1) CARRY8(67) LUT4(1) CARRY8(1) CARRY8(1) CARRY8(1) CARRY8(67) LUT3(1) CARRY8(58) LUT3(1) FDRE","{bd_0_i/hls_inst/inst/k2_stats_U0/ap_enable_reg_pp0_iter2_reg/C --> bd_0_i/hls_inst/inst/k2_stats_U0/sum_abs4_fu_200_reg[9]/D}"
"ap_clk","-3.143","10.000","-0.011","0.035","13.124","6.492","6.632","57","18","14 (*)","28","-0.813","3.681","FDRE(71) LUT6(1) CARRY8(1) CARRY8(1) CARRY8(1) CARRY8(65) LUT3(1) CARRY8(65) LUT4(1) CARRY8(1) CARRY8(1) CARRY8(1) CARRY8(65) LUT3(1) CARRY8(65) LUT4(1) CARRY8(1) CARRY8(1) CARRY8(1) CARRY8(66) LUT3(1) CARRY8(66) LUT4(1) CARRY8(1) CARRY8(1) CARRY8(1) CARRY8(67) LUT3(1) CARRY8(67) LUT4(1) CARRY8(1) CARRY8(1) CARRY8(1) CARRY8(65) LUT3(1) CARRY8(65) LUT4(1) CARRY8(1) CARRY8(1) CARRY8(1) CARRY8(65) LUT3(1) CARRY8(65) LUT4(1) CARRY8(1) CARRY8(1) CARRY8(1) CARRY8(66) LUT3(1) CARRY8(67) LUT4(1) CARRY8(1) CARRY8(1) CARRY8(1) CARRY8(67) LUT3(1) CARRY8(58) LUT3(2) FDRE","{bd_0_i/hls_inst/inst/k2_stats_U0/ap_enable_reg_pp0_iter2_reg/C --> bd_0_i/hls_inst/inst/k2_stats_U0/sum_abs4_fu_200_reg[35]/D}"
"ap_clk","-3.143","10.000","-0.011","0.035","13.124","6.492","6.632","57","18","14 (*)","28","-0.813","3.681","FDRE(71) LUT6(1) CARRY8(1) CARRY8(1) CARRY8(1) CARRY8(65) LUT3(1) CARRY8(65) LUT4(1) CARRY8(1) CARRY8(1) CARRY8(1) CARRY8(65) LUT3(1) CARRY8(65) LUT4(1) CARRY8(1) CARRY8(1) CARRY8(1) CARRY8(66) LUT3(1) CARRY8(66) LUT4(1) CARRY8(1) CARRY8(1) CARRY8(1) CARRY8(67) LUT3(1) CARRY8(67) LUT4(1) CARRY8(1) CARRY8(1) CARRY8(1) CARRY8(65) LUT3(1) CARRY8(65) LUT4(1) CARRY8(1) CARRY8(1) CARRY8(1) CARRY8(65) LUT3(1) CARRY8(65) LUT4(1) CARRY8(1) CARRY8(1) CARRY8(1) CARRY8(66) LUT3(1) CARRY8(67) LUT4(1) CARRY8(1) CARRY8(1) CARRY8(1) CARRY8(67) LUT3(1) CARRY8(58) LUT3(2) FDRE","{bd_0_i/hls_inst/inst/k2_stats_U0/ap_enable_reg_pp0_iter2_reg/C --> bd_0_i/hls_inst/inst/k2_stats_U0/tmp_283_reg_3248_reg[0]/D}"
"ap_clk","-3.107","10.000","-0.011","0.035","13.088","6.427","6.661","56","17","14 (*)","28","-0.509","4.031","FDRE(71) LUT6(1) CARRY8(1) CARRY8(1) CARRY8(1) CARRY8(65) LUT3(1) CARRY8(65) LUT4(1) CARRY8(1) CARRY8(1) CARRY8(1) CARRY8(65) LUT3(1) CARRY8(65) LUT4(1) CARRY8(1) CARRY8(1) CARRY8(1) CARRY8(66) LUT3(1) CARRY8(66) LUT4(1) CARRY8(1) CARRY8(1) CARRY8(1) CARRY8(67) LUT3(1) CARRY8(67) LUT4(1) CARRY8(1) CARRY8(1) CARRY8(1) CARRY8(65) LUT3(1) CARRY8(65) LUT4(1) CARRY8(1) CARRY8(1) CARRY8(1) CARRY8(65) LUT3(1) CARRY8(65) LUT4(1) CARRY8(1) CARRY8(1) CARRY8(1) CARRY8(66) LUT3(1) CARRY8(67) LUT3(1) CARRY8(67) LUT4(1) CARRY8(1) CARRY8(1) CARRY8(2) LUT3(1) FDSE","{bd_0_i/hls_inst/inst/k2_stats_U0/ap_enable_reg_pp0_iter2_reg/C --> bd_0_i/hls_inst/inst/k2_stats_U0/tmp_48_reg_3253_reg[21]/D}"
"ap_clk","-3.101","10.000","-0.011","0.035","13.082","6.398","6.684","57","17","14 (*)","28","-0.480","4.031","FDRE(71) LUT6(1) CARRY8(1) CARRY8(1) CARRY8(1) CARRY8(65) LUT3(1) CARRY8(65) LUT4(1) CARRY8(1) CARRY8(1) CARRY8(1) CARRY8(65) LUT3(1) CARRY8(65) LUT4(1) CARRY8(1) CARRY8(1) CARRY8(1) CARRY8(66) LUT3(1) CARRY8(66) LUT4(1) CARRY8(1) CARRY8(1) CARRY8(1) CARRY8(67) LUT3(1) CARRY8(67) LUT4(1) CARRY8(1) CARRY8(1) CARRY8(1) CARRY8(65) LUT3(1) CARRY8(65) LUT4(1) CARRY8(1) CARRY8(1) CARRY8(1) CARRY8(65) LUT3(1) CARRY8(65) LUT4(1) CARRY8(1) CARRY8(1) CARRY8(1) CARRY8(66) LUT3(1) CARRY8(67) LUT4(1) CARRY8(1) CARRY8(1) CARRY8(1) CARRY8(67) LUT3(1) CARRY8(58) LUT3(1) FDRE","{bd_0_i/hls_inst/inst/k2_stats_U0/ap_enable_reg_pp0_iter2_reg/C --> bd_0_i/hls_inst/inst/k2_stats_U0/sum_abs_reg_3238_reg[10]_inv/D}"
"ap_clk","-3.101","10.000","-0.011","0.035","13.082","6.398","6.684","57","17","14 (*)","28","-0.480","4.031","FDRE(71) LUT6(1) CARRY8(1) CARRY8(1) CARRY8(1) CARRY8(65) LUT3(1) CARRY8(65) LUT4(1) CARRY8(1) CARRY8(1) CARRY8(1) CARRY8(65) LUT3(1) CARRY8(65) LUT4(1) CARRY8(1) CARRY8(1) CARRY8(1) CARRY8(66) LUT3(1) CARRY8(66) LUT4(1) CARRY8(1) CARRY8(1) CARRY8(1) CARRY8(67) LUT3(1) CARRY8(67) LUT4(1) CARRY8(1) CARRY8(1) CARRY8(1) CARRY8(65) LUT3(1) CARRY8(65) LUT4(1) CARRY8(1) CARRY8(1) CARRY8(1) CARRY8(65) LUT3(1) CARRY8(65) LUT4(1) CARRY8(1) CARRY8(1) CARRY8(1) CARRY8(66) LUT3(1) CARRY8(67) LUT4(1) CARRY8(1) CARRY8(1) CARRY8(1) CARRY8(67) LUT3(1) CARRY8(58) LUT3(1) FDRE","{bd_0_i/hls_inst/inst/k2_stats_U0/ap_enable_reg_pp0_iter2_reg/C --> bd_0_i/hls_inst/inst/k2_stats_U0/sum_abs_reg_3238_reg[11]_inv/D}"
"ap_clk","-3.101","10.000","-0.011","0.035","13.082","6.398","6.684","57","17","14 (*)","28","-0.480","4.031","FDRE(71) LUT6(1) CARRY8(1) CARRY8(1) CARRY8(1) CARRY8(65) LUT3(1) CARRY8(65) LUT4(1) CARRY8(1) CARRY8(1) CARRY8(1) CARRY8(65) LUT3(1) CARRY8(65) LUT4(1) CARRY8(1) CARRY8(1) CARRY8(1) CARRY8(66) LUT3(1) CARRY8(66) LUT4(1) CARRY8(1) CARRY8(1) CARRY8(1) CARRY8(67) LUT3(1) CARRY8(67) LUT4(1) CARRY8(1) CARRY8(1) CARRY8(1) CARRY8(65) LUT3(1) CARRY8(65) LUT4(1) CARRY8(1) CARRY8(1) CARRY8(1) CARRY8(65) LUT3(1) CARRY8(65) LUT4(1) CARRY8(1) CARRY8(1) CARRY8(1) CARRY8(66) LUT3(1) CARRY8(67) LUT4(1) CARRY8(1) CARRY8(1) CARRY8(1) CARRY8(67) LUT3(1) CARRY8(58) LUT3(1) FDRE","{bd_0_i/hls_inst/inst/k2_stats_U0/ap_enable_reg_pp0_iter2_reg/C --> bd_0_i/hls_inst/inst/k2_stats_U0/sum_abs_reg_3238_reg[12]_inv/D}"
"ap_clk","-3.101","10.000","-0.011","0.035","13.082","6.398","6.684","57","17","14 (*)","28","-0.480","4.031","FDRE(71) LUT6(1) CARRY8(1) CARRY8(1) CARRY8(1) CARRY8(65) LUT3(1) CARRY8(65) LUT4(1) CARRY8(1) CARRY8(1) CARRY8(1) CARRY8(65) LUT3(1) CARRY8(65) LUT4(1) CARRY8(1) CARRY8(1) CARRY8(1) CARRY8(66) LUT3(1) CARRY8(66) LUT4(1) CARRY8(1) CARRY8(1) CARRY8(1) CARRY8(67) LUT3(1) CARRY8(67) LUT4(1) CARRY8(1) CARRY8(1) CARRY8(1) CARRY8(65) LUT3(1) CARRY8(65) LUT4(1) CARRY8(1) CARRY8(1) CARRY8(1) CARRY8(65) LUT3(1) CARRY8(65) LUT4(1) CARRY8(1) CARRY8(1) CARRY8(1) CARRY8(66) LUT3(1) CARRY8(67) LUT4(1) CARRY8(1) CARRY8(1) CARRY8(1) CARRY8(67) LUT3(1) CARRY8(58) LUT3(1) FDSE","{bd_0_i/hls_inst/inst/k2_stats_U0/ap_enable_reg_pp0_iter2_reg/C --> bd_0_i/hls_inst/inst/k2_stats_U0/sum_abs_reg_3238_reg[32]/D}"
"ap_clk","-3.101","10.000","-0.011","0.035","13.082","6.398","6.684","57","17","14 (*)","28","-0.480","4.031","FDRE(71) LUT6(1) CARRY8(1) CARRY8(1) CARRY8(1) CARRY8(65) LUT3(1) CARRY8(65) LUT4(1) CARRY8(1) CARRY8(1) CARRY8(1) CARRY8(65) LUT3(1) CARRY8(65) LUT4(1) CARRY8(1) CARRY8(1) CARRY8(1) CARRY8(66) LUT3(1) CARRY8(66) LUT4(1) CARRY8(1) CARRY8(1) CARRY8(1) CARRY8(67) LUT3(1) CARRY8(67) LUT4(1) CARRY8(1) CARRY8(1) CARRY8(1) CARRY8(65) LUT3(1) CARRY8(65) LUT4(1) CARRY8(1) CARRY8(1) CARRY8(1) CARRY8(65) LUT3(1) CARRY8(65) LUT4(1) CARRY8(1) CARRY8(1) CARRY8(1) CARRY8(66) LUT3(1) CARRY8(67) LUT4(1) CARRY8(1) CARRY8(1) CARRY8(1) CARRY8(67) LUT3(1) CARRY8(58) LUT3(1) FDSE","{bd_0_i/hls_inst/inst/k2_stats_U0/ap_enable_reg_pp0_iter2_reg/C --> bd_0_i/hls_inst/inst/k2_stats_U0/sum_abs_reg_3238_reg[33]/D}"
"ap_clk","-3.101","10.000","-0.011","0.035","13.082","6.398","6.684","57","17","14 (*)","28","-0.480","4.031","FDRE(71) LUT6(1) CARRY8(1) CARRY8(1) CARRY8(1) CARRY8(65) LUT3(1) CARRY8(65) LUT4(1) CARRY8(1) CARRY8(1) CARRY8(1) CARRY8(65) LUT3(1) CARRY8(65) LUT4(1) CARRY8(1) CARRY8(1) CARRY8(1) CARRY8(66) LUT3(1) CARRY8(66) LUT4(1) CARRY8(1) CARRY8(1) CARRY8(1) CARRY8(67) LUT3(1) CARRY8(67) LUT4(1) CARRY8(1) CARRY8(1) CARRY8(1) CARRY8(65) LUT3(1) CARRY8(65) LUT4(1) CARRY8(1) CARRY8(1) CARRY8(1) CARRY8(65) LUT3(1) CARRY8(65) LUT4(1) CARRY8(1) CARRY8(1) CARRY8(1) CARRY8(66) LUT3(1) CARRY8(67) LUT4(1) CARRY8(1) CARRY8(1) CARRY8(1) CARRY8(67) LUT3(1) CARRY8(58) LUT3(1) FDSE","{bd_0_i/hls_inst/inst/k2_stats_U0/ap_enable_reg_pp0_iter2_reg/C --> bd_0_i/hls_inst/inst/k2_stats_U0/sum_abs_reg_3238_reg[34]/D}"
"ap_clk","-3.101","10.000","-0.011","0.035","13.082","6.398","6.684","57","17","14 (*)","28","-0.480","4.031","FDRE(71) LUT6(1) CARRY8(1) CARRY8(1) CARRY8(1) CARRY8(65) LUT3(1) CARRY8(65) LUT4(1) CARRY8(1) CARRY8(1) CARRY8(1) CARRY8(65) LUT3(1) CARRY8(65) LUT4(1) CARRY8(1) CARRY8(1) CARRY8(1) CARRY8(66) LUT3(1) CARRY8(66) LUT4(1) CARRY8(1) CARRY8(1) CARRY8(1) CARRY8(67) LUT3(1) CARRY8(67) LUT4(1) CARRY8(1) CARRY8(1) CARRY8(1) CARRY8(65) LUT3(1) CARRY8(65) LUT4(1) CARRY8(1) CARRY8(1) CARRY8(1) CARRY8(65) LUT3(1) CARRY8(65) LUT4(1) CARRY8(1) CARRY8(1) CARRY8(1) CARRY8(66) LUT3(1) CARRY8(67) LUT4(1) CARRY8(1) CARRY8(1) CARRY8(1) CARRY8(67) LUT3(1) CARRY8(58) LUT3(1) FDRE","{bd_0_i/hls_inst/inst/k2_stats_U0/ap_enable_reg_pp0_iter2_reg/C --> bd_0_i/hls_inst/inst/k2_stats_U0/sum_abs_reg_3238_reg[9]_inv/D}"
"ap_clk","-3.101","10.000","-0.011","0.035","13.082","6.398","6.684","57","17","14 (*)","28","-0.480","4.031","FDRE(71) LUT6(1) CARRY8(1) CARRY8(1) CARRY8(1) CARRY8(65) LUT3(1) CARRY8(65) LUT4(1) CARRY8(1) CARRY8(1) CARRY8(1) CARRY8(65) LUT3(1) CARRY8(65) LUT4(1) CARRY8(1) CARRY8(1) CARRY8(1) CARRY8(66) LUT3(1) CARRY8(66) LUT4(1) CARRY8(1) CARRY8(1) CARRY8(1) CARRY8(67) LUT3(1) CARRY8(67) LUT4(1) CARRY8(1) CARRY8(1) CARRY8(1) CARRY8(65) LUT3(1) CARRY8(65) LUT4(1) CARRY8(1) CARRY8(1) CARRY8(1) CARRY8(65) LUT3(1) CARRY8(65) LUT4(1) CARRY8(1) CARRY8(1) CARRY8(1) CARRY8(66) LUT3(1) CARRY8(67) LUT4(1) CARRY8(1) CARRY8(1) CARRY8(1) CARRY8(67) LUT3(1) CARRY8(58) LUT3(1) FDSE","{bd_0_i/hls_inst/inst/k2_stats_U0/ap_enable_reg_pp0_iter2_reg/C --> bd_0_i/hls_inst/inst/k2_stats_U0/tmp_48_reg_3253_reg[10]/D}"
"ap_clk","-3.101","10.000","-0.011","0.035","13.082","6.398","6.684","57","17","14 (*)","28","-0.480","4.031","FDRE(71) LUT6(1) CARRY8(1) CARRY8(1) CARRY8(1) CARRY8(65) LUT3(1) CARRY8(65) LUT4(1) CARRY8(1) CARRY8(1) CARRY8(1) CARRY8(65) LUT3(1) CARRY8(65) LUT4(1) CARRY8(1) CARRY8(1) CARRY8(1) CARRY8(66) LUT3(1) CARRY8(66) LUT4(1) CARRY8(1) CARRY8(1) CARRY8(1) CARRY8(67) LUT3(1) CARRY8(67) LUT4(1) CARRY8(1) CARRY8(1) CARRY8(1) CARRY8(65) LUT3(1) CARRY8(65) LUT4(1) CARRY8(1) CARRY8(1) CARRY8(1) CARRY8(65) LUT3(1) CARRY8(65) LUT4(1) CARRY8(1) CARRY8(1) CARRY8(1) CARRY8(66) LUT3(1) CARRY8(67) LUT4(1) CARRY8(1) CARRY8(1) CARRY8(1) CARRY8(67) LUT3(1) CARRY8(58) LUT3(1) FDSE","{bd_0_i/hls_inst/inst/k2_stats_U0/ap_enable_reg_pp0_iter2_reg/C --> bd_0_i/hls_inst/inst/k2_stats_U0/tmp_48_reg_3253_reg[11]/D}"
"ap_clk","-3.101","10.000","-0.011","0.035","13.082","6.398","6.684","57","17","14 (*)","28","-0.480","4.031","FDRE(71) LUT6(1) CARRY8(1) CARRY8(1) CARRY8(1) CARRY8(65) LUT3(1) CARRY8(65) LUT4(1) CARRY8(1) CARRY8(1) CARRY8(1) CARRY8(65) LUT3(1) CARRY8(65) LUT4(1) CARRY8(1) CARRY8(1) CARRY8(1) CARRY8(66) LUT3(1) CARRY8(66) LUT4(1) CARRY8(1) CARRY8(1) CARRY8(1) CARRY8(67) LUT3(1) CARRY8(67) LUT4(1) CARRY8(1) CARRY8(1) CARRY8(1) CARRY8(65) LUT3(1) CARRY8(65) LUT4(1) CARRY8(1) CARRY8(1) CARRY8(1) CARRY8(65) LUT3(1) CARRY8(65) LUT4(1) CARRY8(1) CARRY8(1) CARRY8(1) CARRY8(66) LUT3(1) CARRY8(67) LUT4(1) CARRY8(1) CARRY8(1) CARRY8(1) CARRY8(67) LUT3(1) CARRY8(58) LUT3(1) FDSE","{bd_0_i/hls_inst/inst/k2_stats_U0/ap_enable_reg_pp0_iter2_reg/C --> bd_0_i/hls_inst/inst/k2_stats_U0/tmp_48_reg_3253_reg[12]/D}"
"ap_clk","-3.101","10.000","-0.011","0.035","13.082","6.398","6.684","57","17","14 (*)","28","-0.480","4.031","FDRE(71) LUT6(1) CARRY8(1) CARRY8(1) CARRY8(1) CARRY8(65) LUT3(1) CARRY8(65) LUT4(1) CARRY8(1) CARRY8(1) CARRY8(1) CARRY8(65) LUT3(1) CARRY8(65) LUT4(1) CARRY8(1) CARRY8(1) CARRY8(1) CARRY8(66) LUT3(1) CARRY8(66) LUT4(1) CARRY8(1) CARRY8(1) CARRY8(1) CARRY8(67) LUT3(1) CARRY8(67) LUT4(1) CARRY8(1) CARRY8(1) CARRY8(1) CARRY8(65) LUT3(1) CARRY8(65) LUT4(1) CARRY8(1) CARRY8(1) CARRY8(1) CARRY8(65) LUT3(1) CARRY8(65) LUT4(1) CARRY8(1) CARRY8(1) CARRY8(1) CARRY8(66) LUT3(1) CARRY8(67) LUT4(1) CARRY8(1) CARRY8(1) CARRY8(1) CARRY8(67) LUT3(1) CARRY8(58) LUT3(1) FDSE","{bd_0_i/hls_inst/inst/k2_stats_U0/ap_enable_reg_pp0_iter2_reg/C --> bd_0_i/hls_inst/inst/k2_stats_U0/tmp_48_reg_3253_reg[13]/D}"
"ap_clk","-3.101","10.000","-0.011","0.035","13.082","6.398","6.684","57","17","14 (*)","28","-0.480","4.031","FDRE(71) LUT6(1) CARRY8(1) CARRY8(1) CARRY8(1) CARRY8(65) LUT3(1) CARRY8(65) LUT4(1) CARRY8(1) CARRY8(1) CARRY8(1) CARRY8(65) LUT3(1) CARRY8(65) LUT4(1) CARRY8(1) CARRY8(1) CARRY8(1) CARRY8(66) LUT3(1) CARRY8(66) LUT4(1) CARRY8(1) CARRY8(1) CARRY8(1) CARRY8(67) LUT3(1) CARRY8(67) LUT4(1) CARRY8(1) CARRY8(1) CARRY8(1) CARRY8(65) LUT3(1) CARRY8(65) LUT4(1) CARRY8(1) CARRY8(1) CARRY8(1) CARRY8(65) LUT3(1) CARRY8(65) LUT4(1) CARRY8(1) CARRY8(1) CARRY8(1) CARRY8(66) LUT3(1) CARRY8(67) LUT4(1) CARRY8(1) CARRY8(1) CARRY8(1) CARRY8(67) LUT3(1) CARRY8(58) LUT3(1) FDSE","{bd_0_i/hls_inst/inst/k2_stats_U0/ap_enable_reg_pp0_iter2_reg/C --> bd_0_i/hls_inst/inst/k2_stats_U0/tmp_48_reg_3253_reg[14]/D}"
"ap_clk","-3.101","10.000","-0.011","0.035","13.082","6.398","6.684","57","17","14 (*)","28","-0.480","4.031","FDRE(71) LUT6(1) CARRY8(1) CARRY8(1) CARRY8(1) CARRY8(65) LUT3(1) CARRY8(65) LUT4(1) CARRY8(1) CARRY8(1) CARRY8(1) CARRY8(65) LUT3(1) CARRY8(65) LUT4(1) CARRY8(1) CARRY8(1) CARRY8(1) CARRY8(66) LUT3(1) CARRY8(66) LUT4(1) CARRY8(1) CARRY8(1) CARRY8(1) CARRY8(67) LUT3(1) CARRY8(67) LUT4(1) CARRY8(1) CARRY8(1) CARRY8(1) CARRY8(65) LUT3(1) CARRY8(65) LUT4(1) CARRY8(1) CARRY8(1) CARRY8(1) CARRY8(65) LUT3(1) CARRY8(65) LUT4(1) CARRY8(1) CARRY8(1) CARRY8(1) CARRY8(66) LUT3(1) CARRY8(67) LUT4(1) CARRY8(1) CARRY8(1) CARRY8(1) CARRY8(67) LUT3(1) CARRY8(58) LUT3(1) FDSE","{bd_0_i/hls_inst/inst/k2_stats_U0/ap_enable_reg_pp0_iter2_reg/C --> bd_0_i/hls_inst/inst/k2_stats_U0/tmp_48_reg_3253_reg[15]/D}"
"ap_clk","-3.101","10.000","-0.011","0.035","13.082","6.398","6.684","57","17","14 (*)","28","-0.480","4.031","FDRE(71) LUT6(1) CARRY8(1) CARRY8(1) CARRY8(1) CARRY8(65) LUT3(1) CARRY8(65) LUT4(1) CARRY8(1) CARRY8(1) CARRY8(1) CARRY8(65) LUT3(1) CARRY8(65) LUT4(1) CARRY8(1) CARRY8(1) CARRY8(1) CARRY8(66) LUT3(1) CARRY8(66) LUT4(1) CARRY8(1) CARRY8(1) CARRY8(1) CARRY8(67) LUT3(1) CARRY8(67) LUT4(1) CARRY8(1) CARRY8(1) CARRY8(1) CARRY8(65) LUT3(1) CARRY8(65) LUT4(1) CARRY8(1) CARRY8(1) CARRY8(1) CARRY8(65) LUT3(1) CARRY8(65) LUT4(1) CARRY8(1) CARRY8(1) CARRY8(1) CARRY8(66) LUT3(1) CARRY8(67) LUT4(1) CARRY8(1) CARRY8(1) CARRY8(1) CARRY8(67) LUT3(1) CARRY8(58) LUT3(1) FDSE","{bd_0_i/hls_inst/inst/k2_stats_U0/ap_enable_reg_pp0_iter2_reg/C --> bd_0_i/hls_inst/inst/k2_stats_U0/tmp_48_reg_3253_reg[16]/D}"
"ap_clk","-3.101","10.000","-0.011","0.035","13.082","6.398","6.684","57","17","14 (*)","28","-0.480","4.031","FDRE(71) LUT6(1) CARRY8(1) CARRY8(1) CARRY8(1) CARRY8(65) LUT3(1) CARRY8(65) LUT4(1) CARRY8(1) CARRY8(1) CARRY8(1) CARRY8(65) LUT3(1) CARRY8(65) LUT4(1) CARRY8(1) CARRY8(1) CARRY8(1) CARRY8(66) LUT3(1) CARRY8(66) LUT4(1) CARRY8(1) CARRY8(1) CARRY8(1) CARRY8(67) LUT3(1) CARRY8(67) LUT4(1) CARRY8(1) CARRY8(1) CARRY8(1) CARRY8(65) LUT3(1) CARRY8(65) LUT4(1) CARRY8(1) CARRY8(1) CARRY8(1) CARRY8(65) LUT3(1) CARRY8(65) LUT4(1) CARRY8(1) CARRY8(1) CARRY8(1) CARRY8(66) LUT3(1) CARRY8(67) LUT4(1) CARRY8(1) CARRY8(1) CARRY8(1) CARRY8(67) LUT3(1) CARRY8(58) LUT3(1) FDSE","{bd_0_i/hls_inst/inst/k2_stats_U0/ap_enable_reg_pp0_iter2_reg/C --> bd_0_i/hls_inst/inst/k2_stats_U0/tmp_48_reg_3253_reg[17]/D}"
"ap_clk","-3.101","10.000","-0.011","0.035","13.082","6.398","6.684","57","17","14 (*)","28","-0.480","4.031","FDRE(71) LUT6(1) CARRY8(1) CARRY8(1) CARRY8(1) CARRY8(65) LUT3(1) CARRY8(65) LUT4(1) CARRY8(1) CARRY8(1) CARRY8(1) CARRY8(65) LUT3(1) CARRY8(65) LUT4(1) CARRY8(1) CARRY8(1) CARRY8(1) CARRY8(66) LUT3(1) CARRY8(66) LUT4(1) CARRY8(1) CARRY8(1) CARRY8(1) CARRY8(67) LUT3(1) CARRY8(67) LUT4(1) CARRY8(1) CARRY8(1) CARRY8(1) CARRY8(65) LUT3(1) CARRY8(65) LUT4(1) CARRY8(1) CARRY8(1) CARRY8(1) CARRY8(65) LUT3(1) CARRY8(65) LUT4(1) CARRY8(1) CARRY8(1) CARRY8(1) CARRY8(66) LUT3(1) CARRY8(67) LUT4(1) CARRY8(1) CARRY8(1) CARRY8(1) CARRY8(67) LUT3(1) CARRY8(58) LUT3(1) FDSE","{bd_0_i/hls_inst/inst/k2_stats_U0/ap_enable_reg_pp0_iter2_reg/C --> bd_0_i/hls_inst/inst/k2_stats_U0/tmp_48_reg_3253_reg[18]/D}"
"ap_clk","-3.101","10.000","-0.011","0.035","13.082","6.398","6.684","57","17","14 (*)","28","-0.480","4.031","FDRE(71) LUT6(1) CARRY8(1) CARRY8(1) CARRY8(1) CARRY8(65) LUT3(1) CARRY8(65) LUT4(1) CARRY8(1) CARRY8(1) CARRY8(1) CARRY8(65) LUT3(1) CARRY8(65) LUT4(1) CARRY8(1) CARRY8(1) CARRY8(1) CARRY8(66) LUT3(1) CARRY8(66) LUT4(1) CARRY8(1) CARRY8(1) CARRY8(1) CARRY8(67) LUT3(1) CARRY8(67) LUT4(1) CARRY8(1) CARRY8(1) CARRY8(1) CARRY8(65) LUT3(1) CARRY8(65) LUT4(1) CARRY8(1) CARRY8(1) CARRY8(1) CARRY8(65) LUT3(1) CARRY8(65) LUT4(1) CARRY8(1) CARRY8(1) CARRY8(1) CARRY8(66) LUT3(1) CARRY8(67) LUT4(1) CARRY8(1) CARRY8(1) CARRY8(1) CARRY8(67) LUT3(1) CARRY8(58) LUT3(1) FDSE","{bd_0_i/hls_inst/inst/k2_stats_U0/ap_enable_reg_pp0_iter2_reg/C --> bd_0_i/hls_inst/inst/k2_stats_U0/tmp_48_reg_3253_reg[19]/D}"
"ap_clk","-3.101","10.000","-0.011","0.035","13.082","6.398","6.684","57","17","14 (*)","28","-0.480","4.031","FDRE(71) LUT6(1) CARRY8(1) CARRY8(1) CARRY8(1) CARRY8(65) LUT3(1) CARRY8(65) LUT4(1) CARRY8(1) CARRY8(1) CARRY8(1) CARRY8(65) LUT3(1) CARRY8(65) LUT4(1) CARRY8(1) CARRY8(1) CARRY8(1) CARRY8(66) LUT3(1) CARRY8(66) LUT4(1) CARRY8(1) CARRY8(1) CARRY8(1) CARRY8(67) LUT3(1) CARRY8(67) LUT4(1) CARRY8(1) CARRY8(1) CARRY8(1) CARRY8(65) LUT3(1) CARRY8(65) LUT4(1) CARRY8(1) CARRY8(1) CARRY8(1) CARRY8(65) LUT3(1) CARRY8(65) LUT4(1) CARRY8(1) CARRY8(1) CARRY8(1) CARRY8(66) LUT3(1) CARRY8(67) LUT4(1) CARRY8(1) CARRY8(1) CARRY8(1) CARRY8(67) LUT3(1) CARRY8(58) LUT3(1) FDSE","{bd_0_i/hls_inst/inst/k2_stats_U0/ap_enable_reg_pp0_iter2_reg/C --> bd_0_i/hls_inst/inst/k2_stats_U0/tmp_48_reg_3253_reg[20]/D}"

