,A_out_c_U,,chan_status1.csv
,inter_strm_U,,chan_status2.csv
,inter_strm_1_U,,chan_status3.csv
,inter_strm_2_U,,chan_status4.csv
,inter_strm_3_U,,chan_status5.csv
,inter_strm_4_U,,chan_status6.csv
,inter_strm_5_U,,chan_status7.csv
,inter_strm_6_U,,chan_status8.csv
,inter_strm_7_U,,chan_status9.csv
,inter_strm_8_U,,chan_status10.csv
,inter_strm_9_U,,chan_status11.csv
,inter_strm_10_U,,chan_status12.csv
,inter_strm_11_U,,chan_status13.csv
,inter_strm_12_U,,chan_status14.csv
,inter_strm_13_U,,chan_status15.csv
,inter_strm_14_U,,chan_status16.csv
,inter_strm_15_U,,chan_status17.csv
,inter_strm_16_U,,chan_status18.csv
,inter_strm_17_U,,chan_status19.csv
,inter_strm_18_U,,chan_status20.csv
,inter_strm_19_U,,chan_status21.csv
,inter_strm_20_U,,chan_status22.csv
,inter_strm_21_U,,chan_status23.csv
,inter_strm_22_U,,chan_status24.csv
,inter_strm_23_U,,chan_status25.csv
,inter_strm_24_U,,chan_status26.csv
,inter_strm_25_U,,chan_status27.csv
,inter_strm_26_U,,chan_status28.csv
,inter_strm_27_U,,chan_status29.csv
,inter_strm_28_U,,chan_status30.csv
,inter_strm_29_U,,chan_status31.csv
,inter_strm_30_U,,chan_status32.csv
