read_input_U0,VITIS_LOOP_531_1,upc_loop_status1.csv
stencil_stage_1_U0,VITIS_LOOP_548_1,upc_loop_status2.csv
stencil_stage_2_U0,VITIS_LOOP_548_1,upc_loop_status3.csv
stencil_stage_3_U0,VITIS_LOOP_548_1,upc_loop_status4.csv
stencil_stage_4_U0,VITIS_LOOP_548_1,upc_loop_status5.csv
stencil_stage_5_U0,VITIS_LOOP_548_1,upc_loop_status6.csv
stencil_stage_6_U0,VITIS_LOOP_548_1,upc_loop_status7.csv
stencil_stage_7_U0,VITIS_LOOP_548_1,upc_loop_status8.csv
stencil_stage_8_U0,VITIS_LOOP_548_1,upc_loop_status9.csv
stencil_stage_9_U0,VITIS_LOOP_548_1,upc_loop_status10.csv
stencil_stage_10_U0,VITIS_LOOP_548_1,upc_loop_status11.csv
stencil_stage_11_U0,VITIS_LOOP_548_1,upc_loop_status12.csv
stencil_stage_12_U0,VITIS_LOOP_548_1,upc_loop_status13.csv
stencil_stage_13_U0,VITIS_LOOP_548_1,upc_loop_status14.csv
stencil_stage_14_U0,VITIS_LOOP_548_1,upc_loop_status15.csv
stencil_stage_15_U0,VITIS_LOOP_548_1,upc_loop_status16.csv
stencil_stage_16_U0,VITIS_LOOP_548_1,upc_loop_status17.csv
stencil_stage_17_U0,VITIS_LOOP_548_1,upc_loop_status18.csv
stencil_stage_18_U0,VITIS_LOOP_548_1,upc_loop_status19.csv
stencil_stage_19_U0,VITIS_LOOP_548_1,upc_loop_status20.csv
stencil_stage_20_U0,VITIS_LOOP_548_1,upc_loop_status21.csv
stencil_stage_21_U0,VITIS_LOOP_548_1,upc_loop_status22.csv
stencil_stage_22_U0,VITIS_LOOP_548_1,upc_loop_status23.csv
stencil_stage_23_U0,VITIS_LOOP_548_1,upc_loop_status24.csv
stencil_stage_24_U0,VITIS_LOOP_548_1,upc_loop_status25.csv
stencil_stage_25_U0,VITIS_LOOP_548_1,upc_loop_status26.csv
stencil_stage_26_U0,VITIS_LOOP_548_1,upc_loop_status27.csv
stencil_stage_27_U0,VITIS_LOOP_548_1,upc_loop_status28.csv
stencil_stage_28_U0,VITIS_LOOP_548_1,upc_loop_status29.csv
stencil_stage_29_U0,VITIS_LOOP_548_1,upc_loop_status30.csv
stencil_stage_U0,VITIS_LOOP_548_1,upc_loop_status31.csv
write_output_U0,VITIS_LOOP_594_1,upc_loop_status32.csv
