,entry_proc_U0,,status1.csv
,read_input_U0,,status2.csv
,stencil_stage_1_U0,,status3.csv
,stencil_stage_2_U0,,status4.csv
,stencil_stage_3_U0,,status5.csv
,stencil_stage_4_U0,,status6.csv
,stencil_stage_5_U0,,status7.csv
,stencil_stage_6_U0,,status8.csv
,stencil_stage_7_U0,,status9.csv
,stencil_stage_8_U0,,status10.csv
,stencil_stage_9_U0,,status11.csv
,stencil_stage_10_U0,,status12.csv
,stencil_stage_11_U0,,status13.csv
,stencil_stage_12_U0,,status14.csv
,stencil_stage_13_U0,,status15.csv
,stencil_stage_14_U0,,status16.csv
,stencil_stage_15_U0,,status17.csv
,stencil_stage_16_U0,,status18.csv
,stencil_stage_17_U0,,status19.csv
,stencil_stage_18_U0,,status20.csv
,stencil_stage_19_U0,,status21.csv
,stencil_stage_20_U0,,status22.csv
,stencil_stage_21_U0,,status23.csv
,stencil_stage_22_U0,,status24.csv
,stencil_stage_23_U0,,status25.csv
,stencil_stage_24_U0,,status26.csv
,stencil_stage_25_U0,,status27.csv
,stencil_stage_26_U0,,status28.csv
,stencil_stage_27_U0,,status29.csv
,stencil_stage_28_U0,,status30.csv
,stencil_stage_29_U0,,status31.csv
,stencil_stage_U0,,status32.csv
,write_output_U0,,status33.csv
,AESL_inst_top_kernel,,module_status1.csv
